id;sound
04330b10.wav;Applause
04490642.wav;Applause
04cce777.wav;Applause
05388f6c.wav;Applause
06f60188.wav;Applause
078c67e5.wav;Applause
07a16abd.wav;Applause
0be246ba.wav;Applause
0ecb56ad.wav;Applause
12f72b79.wav;Applause
13da16ae.wav;Applause
151a56b3.wav;Applause
155382a4.wav;Applause
1640b1f9.wav;Applause
16d49f55.wav;Applause
16df86bb.wav;Applause
1775d5a0.wav;Applause
18320055.wav;Applause
18829f93.wav;Applause
1b8986df.wav;Applause
1b8de009.wav;Applause
1dbc08fd.wav;Applause
1ec8fe10.wav;Applause
1ef88b6d.wav;Applause
217cee0c.wav;Applause
226072d9.wav;Applause
2398cede.wav;Applause
2462c802.wav;Applause
258b6166.wav;Applause
26262fd9.wav;Applause
2751ad9a.wav;Applause
285c42de.wav;Applause
2c049598.wav;Applause
2d6570ce.wav;Applause
2e270b74.wav;Applause
2ea5702d.wav;Applause
2fb2de13.wav;Applause
3623e99e.wav;Applause
373a3df7.wav;Applause
384e198d.wav;Applause
39ec9cc6.wav;Applause
3bd7b59c.wav;Applause
3c6610b0.wav;Applause
3ddb3511.wav;Applause
3e6e8db6.wav;Applause
3e8687d9.wav;Applause
3fd6adb9.wav;Applause
4249de71.wav;Applause
4309a65b.wav;Applause
433d641a.wav;Applause
43abca14.wav;Applause
444f9db5.wav;Applause
4619c0dd.wav;Applause
46798d97.wav;Applause
48ee4191.wav;Applause
49fb0cc8.wav;Applause
4bd7faba.wav;Applause
4ca74b89.wav;Applause
4d487056.wav;Applause
50556530.wav;Applause
51cfc1d3.wav;Applause
5252f89f.wav;Applause
52d78e42.wav;Applause
53c94e09.wav;Applause
53d2b678.wav;Applause
54a7a58f.wav;Applause
54c32b7a.wav;Applause
5558f338.wav;Applause
5631d60b.wav;Applause
586d03f8.wav;Applause
597d7401.wav;Applause
5a017c12.wav;Applause
5aa7d1d3.wav;Applause
5c029f9f.wav;Applause
5c28b9e6.wav;Applause
5dc063db.wav;Applause
5df7f1d0.wav;Applause
5e0b5087.wav;Applause
5e2d18d7.wav;Applause
5f59933f.wav;Applause
623bc3fe.wav;Applause
633a56ad.wav;Applause
6563610a.wav;Applause
669b7c46.wav;Applause
66ccbc5f.wav;Applause
673a623f.wav;Applause
67eceec7.wav;Applause
6aaff359.wav;Applause
6b192226.wav;Applause
6d15afe2.wav;Applause
6e595f4e.wav;Applause
70b68ba0.wav;Applause
7352e28f.wav;Applause
74018a88.wav;Applause
743c4871.wav;Applause
74768f2b.wav;Applause
74c4526b.wav;Applause
75498e93.wav;Applause
77764398.wav;Applause
783cbd12.wav;Applause
78f90b0f.wav;Applause
7b631ab5.wav;Applause
7c07d9a2.wav;Applause
7cade848.wav;Applause
7d46df5d.wav;Applause
7e72bb53.wav;Applause
7edba859.wav;Applause
7fdf7200.wav;Applause
803dfc52.wav;Applause
80bc5ee0.wav;Applause
80c11722.wav;Applause
80d770cd.wav;Applause
81d6c294.wav;Applause
83bf905c.wav;Applause
83f17580.wav;Applause
8536c75e.wav;Applause
86bb7902.wav;Applause
899eb17b.wav;Applause
8aeb76f4.wav;Applause
8bd43789.wav;Applause
8e112616.wav;Applause
8e135724.wav;Applause
8f399fa2.wav;Applause
9053941a.wav;Applause
90a30800.wav;Applause
92729afd.wav;Applause
9464646f.wav;Applause
9538d345.wav;Applause
95526c51.wav;Applause
97d60ed0.wav;Applause
9863b59b.wav;Applause
98fb288b.wav;Applause
992c8909.wav;Applause
9a3ce4ef.wav;Applause
9ad76285.wav;Applause
9bceebbb.wav;Applause
9c4a2e2c.wav;Applause
9d0ff24c.wav;Applause
9d4e4025.wav;Applause
9d9102a9.wav;Applause
9df53186.wav;Applause
9ef88864.wav;Applause
9f333871.wav;Applause
9fe17d08.wav;Applause
9ff36461.wav;Applause
a0c6e034.wav;Applause
a1de2e46.wav;Applause
a2cc8c44.wav;Applause
a4a8d856.wav;Applause
a5173aa7.wav;Applause
a58458cd.wav;Applause
a5e5afb0.wav;Applause
a8508b48.wav;Applause
ab29ee26.wav;Applause
ac42801e.wav;Applause
ac5ddb43.wav;Applause
ad5dc3ef.wav;Applause
ae733935.wav;Applause
aeeef40f.wav;Applause
afb90284.wav;Applause
afe33168.wav;Applause
b03249fe.wav;Applause
b065f456.wav;Applause
b0b844f6.wav;Applause
b2c3d2d3.wav;Applause
b4200d90.wav;Applause
b4be81f1.wav;Applause
b515ac09.wav;Applause
b67db979.wav;Applause
b6825ea2.wav;Applause
b72c19d8.wav;Applause
b8c0a88a.wav;Applause
b8c1d961.wav;Applause
b95b6552.wav;Applause
baa5d160.wav;Applause
bb148385.wav;Applause
bb29073f.wav;Applause
bb6bfbd7.wav;Applause
bd318932.wav;Applause
be1d4aab.wav;Applause
be93e48b.wav;Applause
bf45dce6.wav;Applause
c0f5212a.wav;Applause
c1762185.wav;Applause
c189f858.wav;Applause
c2b27a51.wav;Applause
c303ae70.wav;Applause
c45b6b8b.wav;Applause
c52b0dbf.wav;Applause
c52f7ad7.wav;Applause
c55175e0.wav;Applause
c5d4f690.wav;Applause
c6edc383.wav;Applause
c840804f.wav;Applause
c8926980.wav;Applause
cba78947.wav;Applause
ccc75484.wav;Applause
ce982cbf.wav;Applause
ceba3f99.wav;Applause
cf810e55.wav;Applause
d000e828.wav;Applause
d01af3cd.wav;Applause
d246c363.wav;Applause
d289bfbb.wav;Applause
d2bf88a2.wav;Applause
d42e3bf4.wav;Applause
d5c6c8bc.wav;Applause
d61a6f87.wav;Applause
d62fe2ff.wav;Applause
d7fe54c4.wav;Applause
d82b0730.wav;Applause
dc6073c8.wav;Applause
dd43720d.wav;Applause
ddaccdb7.wav;Applause
ddae73e4.wav;Applause
dfbeefb5.wav;Applause
dfbf40dd.wav;Applause
e01a1ca0.wav;Applause
e08535fa.wav;Applause
e157f82f.wav;Applause
e59c5fca.wav;Applause
e5e1fa30.wav;Applause
e6bb8673.wav;Applause
ea168c74.wav;Applause
ea3b2c49.wav;Applause
ea8737d8.wav;Applause
ea964ecc.wav;Applause
eafd1709.wav;Applause
eb4e83d3.wav;Applause
eccca225.wav;Applause
ee16e702.wav;Applause
ee972208.wav;Applause
ef5bb712.wav;Applause
ef9b2726.wav;Applause
f0414445.wav;Applause
f0d315bc.wav;Applause
f1a14bdb.wav;Applause
f1df9083.wav;Applause
f37f11ac.wav;Applause
f44f1164.wav;Applause
f5117ee6.wav;Applause
f63fc55a.wav;Applause
f7083613.wav;Applause
f98abdb2.wav;Applause
f99b36b2.wav;Applause
f9ef92a3.wav;Applause
fbdc46c5.wav;Applause
fdf0c135.wav;Applause
fe3a87db.wav;Applause
feb981f4.wav;Applause
