"filename","label"
"Applause","Applause_03320f05.wav"
"Applause","Applause_048fb352.wav"
"Applause","Applause_0640c787.wav"
"Applause","Applause_0c7ae294.wav"
"Applause","Applause_0d0d1b88.wav"
"Applause","Applause_0d804b40.wav"
"Applause","Applause_0db954fa.wav"
"Applause","Applause_0dfcedf6.wav"
"Applause","Applause_0f1dbff5.wav"
"Applause","Applause_0fb464cf.wav"
"Applause","Applause_120536d6.wav"
"Applause","Applause_14683a1c.wav"
"Applause","Applause_14b4f917.wav"
"Applause","Applause_156b378a.wav"
"Applause","Applause_170eeda2.wav"
"Applause","Applause_17b9396e.wav"
"Applause","Applause_1967e2b2.wav"
"Applause","Applause_1b73bbfd.wav"
"Applause","Applause_1c3b4067.wav"
"Applause","Applause_1d08bd6d.wav"
"Applause","Applause_1d119cfc.wav"
"Applause","Applause_1f2354e3.wav"
"Applause","Applause_20f13d88.wav"
"Applause","Applause_21198349.wav"
"Applause","Applause_218f3cc6.wav"
"Applause","Applause_21e43f5b.wav"
"Applause","Applause_23a3984c.wav"
"Applause","Applause_23c11bee.wav"
"Applause","Applause_2533d746.wav"
"Applause","Applause_26a9e392.wav"
"Applause","Applause_272be2e3.wav"
"Applause","Applause_28d634e9.wav"
"Applause","Applause_29ea06f9.wav"
"Applause","Applause_2a180be4.wav"
"Applause","Applause_2a8f8f85.wav"
"Applause","Applause_2c81e1ce.wav"
"Applause","Applause_2cd3efb6.wav"
"Applause","Applause_2e71ecec.wav"
"Applause","Applause_2ee73a9d.wav"
"Applause","Applause_2f5d12f2.wav"
"Applause","Applause_2fec9eb7.wav"
"Applause","Applause_31102711.wav"
"Applause","Applause_32c2eb1b.wav"
"Applause","Applause_34d3e8bc.wav"
"Applause","Applause_35270d67.wav"
"Applause","Applause_35669b76.wav"
"Applause","Applause_37944d45.wav"
"Applause","Applause_38852ae1.wav"
"Applause","Applause_38d30516.wav"
"Applause","Applause_3a48280f.wav"
"Applause","Applause_3a90abf3.wav"
"Applause","Applause_3abe8ab2.wav"
"Applause","Applause_3ba2f20d.wav"
"Applause","Applause_3c9aa9e8.wav"
"Applause","Applause_3ecef0f4.wav"
"Applause","Applause_3f13875c.wav"
"Applause","Applause_3f3b55e7.wav"
"Applause","Applause_3f5bfd26.wav"
"Applause","Applause_3fb27eb8.wav"
"Applause","Applause_4278112e.wav"
"Applause","Applause_4305d21f.wav"
"Applause","Applause_43a84fec.wav"
"Applause","Applause_43fd7a48.wav"
"Applause","Applause_44b3dad2.wav"
"Applause","Applause_4590ba37.wav"
"Applause","Applause_477622b6.wav"
"Applause","Applause_481394b9.wav"
"Applause","Applause_48cfca3e.wav"
"Applause","Applause_4a03755f.wav"
"Applause","Applause_4a400131.wav"
"Applause","Applause_4af50e05.wav"
"Applause","Applause_4bfbb74e.wav"
"Applause","Applause_4c5667a2.wav"
"Applause","Applause_4d2ed112.wav"
"Applause","Applause_50bdc567.wav"
"Applause","Applause_50e7451d.wav"
"Applause","Applause_51bc618d.wav"
"Applause","Applause_524dea8d.wav"
"Applause","Applause_53d5dfdf.wav"
"Applause","Applause_5460a181.wav"
"Applause","Applause_54b714ef.wav"
"Applause","Applause_54feec8f.wav"
"Applause","Applause_5802940e.wav"
"Applause","Applause_59f6cc23.wav"
"Applause","Applause_5a4089a3.wav"
"Applause","Applause_5a53e933.wav"
"Applause","Applause_5b3f44d8.wav"
"Applause","Applause_5c69ed70.wav"
"Applause","Applause_5cf03876.wav"
"Applause","Applause_5dd6e37d.wav"
"Applause","Applause_5e7e75f7.wav"
"Applause","Applause_5f4ede60.wav"
"Applause","Applause_600fe305.wav"
"Applause","Applause_619d8d1e.wav"
"Applause","Applause_61c9c7ad.wav"
"Applause","Applause_639cd52b.wav"
"Applause","Applause_65f60c42.wav"
"Applause","Applause_66b8f88f.wav"
"Applause","Applause_6913ad7b.wav"
"Applause","Applause_6a1f0cc7.wav"
"Applause","Applause_6ad73ffc.wav"
"Applause","Applause_6b6bdc93.wav"
"Applause","Applause_6c208e34.wav"
"Applause","Applause_6d1e1e67.wav"
"Applause","Applause_6ebe3f62.wav"
"Applause","Applause_6f484851.wav"
"Applause","Applause_6fcb552a.wav"
"Applause","Applause_70c6e930.wav"
"Applause","Applause_70f8f833.wav"
"Applause","Applause_71ccd45e.wav"
"Applause","Applause_71fb2237.wav"
"Applause","Applause_73e326ec.wav"
"Applause","Applause_75b62674.wav"
"Applause","Applause_76edf646.wav"
"Applause","Applause_76ffffa8.wav"
"Applause","Applause_77768b75.wav"
"Applause","Applause_784920ab.wav"
"Applause","Applause_78697428.wav"
"Applause","Applause_78760976.wav"
"Applause","Applause_79db26c2.wav"
"Applause","Applause_7a0c3dfe.wav"
"Applause","Applause_7b4d4b59.wav"
"Applause","Applause_7bd01506.wav"
"Applause","Applause_7ca8edbe.wav"
"Applause","Applause_7d4963eb.wav"
"Applause","Applause_7e75301b.wav"
"Applause","Applause_7f28550a.wav"
"Applause","Applause_7f8acf3b.wav"
"Applause","Applause_7fa57f89.wav"
"Applause","Applause_813ea098.wav"
"Applause","Applause_825a9c77.wav"
"Applause","Applause_849b45e8.wav"
"Applause","Applause_85516706.wav"
"Applause","Applause_87192927.wav"
"Applause","Applause_87fc1fad.wav"
"Applause","Applause_898a757e.wav"
"Applause","Applause_89e2578a.wav"
"Applause","Applause_8a364f26.wav"
"Applause","Applause_8bf04217.wav"
"Applause","Applause_8c1a31cf.wav"
"Applause","Applause_8dde6929.wav"
"Applause","Applause_8f5e0b34.wav"
"Applause","Applause_9267faa4.wav"
"Applause","Applause_933db9eb.wav"
"Applause","Applause_93f3706a.wav"
"Applause","Applause_93f8fb1a.wav"
"Applause","Applause_956e0d7b.wav"
"Applause","Applause_95f1322c.wav"
"Applause","Applause_9663a64a.wav"
"Applause","Applause_972a4b10.wav"
"Applause","Applause_978e0a19.wav"
"Applause","Applause_9a07d892.wav"
"Applause","Applause_9a6a9cff.wav"
"Applause","Applause_9ab8ad15.wav"
"Applause","Applause_9b3d83ed.wav"
"Applause","Applause_9b3ec9e8.wav"
"Applause","Applause_9b529b99.wav"
"Applause","Applause_9b7ef58b.wav"
"Applause","Applause_9bccae2b.wav"
"Applause","Applause_9ca86e5e.wav"
"Applause","Applause_9d26beb5.wav"
"Applause","Applause_9d362e9a.wav"
"Applause","Applause_9d365a21.wav"
"Applause","Applause_9d59a719.wav"
"Applause","Applause_a0673b37.wav"
"Applause","Applause_a1708a01.wav"
"Applause","Applause_a35d3295.wav"
"Applause","Applause_a3ffed68.wav"
"Applause","Applause_a46931cf.wav"
"Applause","Applause_a4a85573.wav"
"Applause","Applause_a5a7b9a9.wav"
"Applause","Applause_a673dad1.wav"
"Applause","Applause_a69beea0.wav"
"Applause","Applause_abd3d6f4.wav"
"Applause","Applause_ac36d6ae.wav"
"Applause","Applause_acae415b.wav"
"Applause","Applause_ad2bb540.wav"
"Applause","Applause_adbf981b.wav"
"Applause","Applause_adeff5f1.wav"
"Applause","Applause_adf374f7.wav"
"Applause","Applause_ae6dc552.wav"
"Applause","Applause_af332bc7.wav"
"Applause","Applause_b3c8c704.wav"
"Applause","Applause_b41a30cc.wav"
"Applause","Applause_b64ba33d.wav"
"Applause","Applause_b71198f4.wav"
"Applause","Applause_b7fe0cfc.wav"
"Applause","Applause_b816a73f.wav"
"Applause","Applause_bac94c1b.wav"
"Applause","Applause_bb170558.wav"
"Applause","Applause_bb3ba367.wav"
"Applause","Applause_bbb2eb98.wav"
"Applause","Applause_bc192c1b.wav"
"Applause","Applause_bc407917.wav"
"Applause","Applause_bda5299c.wav"
"Applause","Applause_bf0d0b86.wav"
"Applause","Applause_bf0fb70c.wav"
"Applause","Applause_c0041b0c.wav"
"Applause","Applause_c075b571.wav"
"Applause","Applause_c09812a3.wav"
"Applause","Applause_c1134e25.wav"
"Applause","Applause_c206744b.wav"
"Applause","Applause_c297a4c1.wav"
"Applause","Applause_c33b953b.wav"
"Applause","Applause_c3980cfc.wav"
"Applause","Applause_c39c05e7.wav"
"Applause","Applause_c4d4e663.wav"
"Applause","Applause_c5bcc937.wav"
"Applause","Applause_c6c921c2.wav"
"Applause","Applause_c733c3c7.wav"
"Applause","Applause_ca8ab8c2.wav"
"Applause","Applause_cc412c52.wav"
"Applause","Applause_cce06a6e.wav"
"Applause","Applause_cdac81e4.wav"
"Applause","Applause_cdee690e.wav"
"Applause","Applause_cea12d19.wav"
"Applause","Applause_cf048634.wav"
"Applause","Applause_d0db322f.wav"
"Applause","Applause_d222b08b.wav"
"Applause","Applause_d2abc133.wav"
"Applause","Applause_d32dbb8c.wav"
"Applause","Applause_d38da3e7.wav"
"Applause","Applause_d3ede893.wav"
"Applause","Applause_d59f621a.wav"
"Applause","Applause_d87530b2.wav"
"Applause","Applause_d906e3c1.wav"
"Applause","Applause_d9261ff8.wav"
"Applause","Applause_d92e7d4c.wav"
"Applause","Applause_d9b02272.wav"
"Applause","Applause_d9dbc871.wav"
"Applause","Applause_da0650ea.wav"
"Applause","Applause_dab5004c.wav"
"Applause","Applause_db810d76.wav"
"Applause","Applause_dd9d2fc1.wav"
"Applause","Applause_de7d1f2a.wav"
"Applause","Applause_df6223de.wav"
"Applause","Applause_e08db496.wav"
"Applause","Applause_e0fef04d.wav"
"Applause","Applause_e3278076.wav"
"Applause","Applause_e334ed2d.wav"
"Applause","Applause_e3423e0b.wav"
"Applause","Applause_e3984052.wav"
"Applause","Applause_e3f49d2d.wav"
"Applause","Applause_e49a13cd.wav"
"Applause","Applause_e6209d6d.wav"
"Applause","Applause_e74ed033.wav"
"Applause","Applause_e79e8893.wav"
"Applause","Applause_e8fea86d.wav"
"Applause","Applause_e93bd6e5.wav"
"Applause","Applause_ebf9a82b.wav"
"Applause","Applause_ec37e4c4.wav"
"Applause","Applause_ed606640.wav"
"Applause","Applause_ee319540.wav"
"Applause","Applause_eeaada61.wav"
"Applause","Applause_f0c40412.wav"
"Applause","Applause_f10c7f27.wav"
"Applause","Applause_f2a8b9b2.wav"
"Applause","Applause_f2bf6305.wav"
"Applause","Applause_f3affcf1.wav"
"Applause","Applause_f466f9b6.wav"
"Applause","Applause_f492ff55.wav"
"Applause","Applause_f554c39a.wav"
"Applause","Applause_f5cd8dff.wav"
"Applause","Applause_f955d93a.wav"
"Applause","Applause_f9c22f47.wav"
"Applause","Applause_f9f02b7d.wav"
"Applause","Applause_faf11428.wav"
"Applause","Applause_faf2af04.wav"
"Applause","Applause_fb25e7ba.wav"
"Applause","Applause_fb4858c1.wav"
"Applause","Applause_fb7eea4f.wav"
"Applause","Applause_fce9b146.wav"
"Applause","Applause_fd64ad7d.wav"
"Burping_or_eructation","Burping_or_eructation_017ea24e.wav"
"Burping_or_eructation","Burping_or_eructation_02274ee8.wav"
"Burping_or_eructation","Burping_or_eructation_07ed1d56.wav"
"Burping_or_eructation","Burping_or_eructation_08b54ed0.wav"
"Burping_or_eructation","Burping_or_eructation_0a2a5c05.wav"
"Burping_or_eructation","Burping_or_eructation_0b6fba96.wav"
"Burping_or_eructation","Burping_or_eructation_0b7044b0.wav"
"Burping_or_eructation","Burping_or_eructation_0b9904c1.wav"
"Burping_or_eructation","Burping_or_eructation_0d694b51.wav"
"Burping_or_eructation","Burping_or_eructation_0d9f6c10.wav"
"Burping_or_eructation","Burping_or_eructation_0fd52405.wav"
"Burping_or_eructation","Burping_or_eructation_10734a58.wav"
"Burping_or_eructation","Burping_or_eructation_10ac55a1.wav"
"Burping_or_eructation","Burping_or_eructation_11a06e06.wav"
"Burping_or_eructation","Burping_or_eructation_11c7778f.wav"
"Burping_or_eructation","Burping_or_eructation_11e3ffde.wav"
"Burping_or_eructation","Burping_or_eructation_125194b0.wav"
"Burping_or_eructation","Burping_or_eructation_1304d545.wav"
"Burping_or_eructation","Burping_or_eructation_13f08982.wav"
"Burping_or_eructation","Burping_or_eructation_1548d94a.wav"
"Burping_or_eructation","Burping_or_eructation_1661aa86.wav"
"Burping_or_eructation","Burping_or_eructation_17a853e4.wav"
"Burping_or_eructation","Burping_or_eructation_194fc71a.wav"
"Burping_or_eructation","Burping_or_eructation_1ac7c47a.wav"
"Burping_or_eructation","Burping_or_eructation_1b34065d.wav"
"Burping_or_eructation","Burping_or_eructation_1ca4d107.wav"
"Burping_or_eructation","Burping_or_eructation_1fd04e89.wav"
"Burping_or_eructation","Burping_or_eructation_1fe6c74f.wav"
"Burping_or_eructation","Burping_or_eructation_22c7f2c0.wav"
"Burping_or_eructation","Burping_or_eructation_2492a915.wav"
"Burping_or_eructation","Burping_or_eructation_24a3c430.wav"
"Burping_or_eructation","Burping_or_eructation_26d8b402.wav"
"Burping_or_eructation","Burping_or_eructation_276051e6.wav"
"Burping_or_eructation","Burping_or_eructation_27d679b4.wav"
"Burping_or_eructation","Burping_or_eructation_28634acc.wav"
"Burping_or_eructation","Burping_or_eructation_28a9502f.wav"
"Burping_or_eructation","Burping_or_eructation_2ccaafbb.wav"
"Burping_or_eructation","Burping_or_eructation_2df01d41.wav"
"Burping_or_eructation","Burping_or_eructation_2e4b39f2.wav"
"Burping_or_eructation","Burping_or_eructation_2f6f44fa.wav"
"Burping_or_eructation","Burping_or_eructation_3074dea2.wav"
"Burping_or_eructation","Burping_or_eructation_314b13fe.wav"
"Burping_or_eructation","Burping_or_eructation_324faa97.wav"
"Burping_or_eructation","Burping_or_eructation_32cc3e4d.wav"
"Burping_or_eructation","Burping_or_eructation_332cf451.wav"
"Burping_or_eructation","Burping_or_eructation_35571af7.wav"
"Burping_or_eructation","Burping_or_eructation_36ba581c.wav"
"Burping_or_eructation","Burping_or_eructation_36d2468c.wav"
"Burping_or_eructation","Burping_or_eructation_388205af.wav"
"Burping_or_eructation","Burping_or_eructation_388d1301.wav"
"Burping_or_eructation","Burping_or_eructation_391fbd84.wav"
"Burping_or_eructation","Burping_or_eructation_3b56254e.wav"
"Burping_or_eructation","Burping_or_eructation_3e4ea67e.wav"
"Burping_or_eructation","Burping_or_eructation_3f54f3c3.wav"
"Burping_or_eructation","Burping_or_eructation_41dcab5d.wav"
"Burping_or_eructation","Burping_or_eructation_4223237e.wav"
"Burping_or_eructation","Burping_or_eructation_43b3a112.wav"
"Burping_or_eructation","Burping_or_eructation_467ad774.wav"
"Burping_or_eructation","Burping_or_eructation_48b4f099.wav"
"Burping_or_eructation","Burping_or_eructation_490a435d.wav"
"Burping_or_eructation","Burping_or_eructation_493a0b43.wav"
"Burping_or_eructation","Burping_or_eructation_493bdd89.wav"
"Burping_or_eructation","Burping_or_eructation_49d45fb8.wav"
"Burping_or_eructation","Burping_or_eructation_4d3d3294.wav"
"Burping_or_eructation","Burping_or_eructation_4d7dbbf9.wav"
"Burping_or_eructation","Burping_or_eructation_4f2ba735.wav"
"Burping_or_eructation","Burping_or_eructation_4fed9012.wav"
"Burping_or_eructation","Burping_or_eructation_50cb9b29.wav"
"Burping_or_eructation","Burping_or_eructation_55040d8b.wav"
"Burping_or_eructation","Burping_or_eructation_56fa2d08.wav"
"Burping_or_eructation","Burping_or_eructation_57540a22.wav"
"Burping_or_eructation","Burping_or_eructation_58fd33e3.wav"
"Burping_or_eructation","Burping_or_eructation_5a5f7fa1.wav"
"Burping_or_eructation","Burping_or_eructation_5b603445.wav"
"Burping_or_eructation","Burping_or_eructation_5cca8915.wav"
"Burping_or_eructation","Burping_or_eructation_5db43d95.wav"
"Burping_or_eructation","Burping_or_eructation_5fa41f28.wav"
"Burping_or_eructation","Burping_or_eructation_609e2253.wav"
"Burping_or_eructation","Burping_or_eructation_60c03b3e.wav"
"Burping_or_eructation","Burping_or_eructation_63820da4.wav"
"Burping_or_eructation","Burping_or_eructation_6658b3bb.wav"
"Burping_or_eructation","Burping_or_eructation_667e0fb2.wav"
"Burping_or_eructation","Burping_or_eructation_68c57a43.wav"
"Burping_or_eructation","Burping_or_eructation_69dad1d3.wav"
"Burping_or_eructation","Burping_or_eructation_6eb342ea.wav"
"Burping_or_eructation","Burping_or_eructation_6f05d010.wav"
"Burping_or_eructation","Burping_or_eructation_6f71c89b.wav"
"Burping_or_eructation","Burping_or_eructation_6f8909e7.wav"
"Burping_or_eructation","Burping_or_eructation_721f5264.wav"
"Burping_or_eructation","Burping_or_eructation_7390ae7a.wav"
"Burping_or_eructation","Burping_or_eructation_73ca715d.wav"
"Burping_or_eructation","Burping_or_eructation_747ca235.wav"
"Burping_or_eructation","Burping_or_eructation_75976fda.wav"
"Burping_or_eructation","Burping_or_eructation_76827c00.wav"
"Burping_or_eructation","Burping_or_eructation_792e752d.wav"
"Burping_or_eructation","Burping_or_eructation_7941de54.wav"
"Burping_or_eructation","Burping_or_eructation_794e4a17.wav"
"Burping_or_eructation","Burping_or_eructation_79fd94aa.wav"
"Burping_or_eructation","Burping_or_eructation_7f3e4512.wav"
"Burping_or_eructation","Burping_or_eructation_7f532d35.wav"
"Burping_or_eructation","Burping_or_eructation_83375e41.wav"
"Burping_or_eructation","Burping_or_eructation_83ee99c0.wav"
"Burping_or_eructation","Burping_or_eructation_876fee0d.wav"
"Burping_or_eructation","Burping_or_eructation_88928a07.wav"
"Burping_or_eructation","Burping_or_eructation_8b12ea14.wav"
"Burping_or_eructation","Burping_or_eructation_8ef998b5.wav"
"Burping_or_eructation","Burping_or_eructation_8f15c883.wav"
"Burping_or_eructation","Burping_or_eructation_8fa8aab6.wav"
"Burping_or_eructation","Burping_or_eructation_8fda0208.wav"
"Burping_or_eructation","Burping_or_eructation_9133b9de.wav"
"Burping_or_eructation","Burping_or_eructation_91363087.wav"
"Burping_or_eructation","Burping_or_eructation_920fea97.wav"
"Burping_or_eructation","Burping_or_eructation_92542588.wav"
"Burping_or_eructation","Burping_or_eructation_93317f83.wav"
"Burping_or_eructation","Burping_or_eructation_9442ce58.wav"
"Burping_or_eructation","Burping_or_eructation_95a1a668.wav"
"Burping_or_eructation","Burping_or_eructation_95d825fc.wav"
"Burping_or_eructation","Burping_or_eructation_963d9280.wav"
"Burping_or_eructation","Burping_or_eructation_98cc7798.wav"
"Burping_or_eructation","Burping_or_eructation_9a72318a.wav"
"Burping_or_eructation","Burping_or_eructation_9da5d791.wav"
"Burping_or_eructation","Burping_or_eructation_9dae7848.wav"
"Burping_or_eructation","Burping_or_eructation_9ebb2c3f.wav"
"Burping_or_eructation","Burping_or_eructation_9eca03d5.wav"
"Burping_or_eructation","Burping_or_eructation_9f7dfef2.wav"
"Burping_or_eructation","Burping_or_eructation_a05ffc17.wav"
"Burping_or_eructation","Burping_or_eructation_a17aeeca.wav"
"Burping_or_eructation","Burping_or_eructation_a62aa4a5.wav"
"Burping_or_eructation","Burping_or_eructation_a91ce660.wav"
"Burping_or_eructation","Burping_or_eructation_aa521f98.wav"
"Burping_or_eructation","Burping_or_eructation_aaf1768d.wav"
"Burping_or_eructation","Burping_or_eructation_ad0c3285.wav"
"Burping_or_eructation","Burping_or_eructation_ad24a452.wav"
"Burping_or_eructation","Burping_or_eructation_ad9a5db4.wav"
"Burping_or_eructation","Burping_or_eructation_af8f7b25.wav"
"Burping_or_eructation","Burping_or_eructation_b0e822b0.wav"
"Burping_or_eructation","Burping_or_eructation_b5cefb89.wav"
"Burping_or_eructation","Burping_or_eructation_b61002b7.wav"
"Burping_or_eructation","Burping_or_eructation_b64092d2.wav"
"Burping_or_eructation","Burping_or_eructation_b8ad9ea3.wav"
"Burping_or_eructation","Burping_or_eructation_b9d4d18d.wav"
"Burping_or_eructation","Burping_or_eructation_bd50b440.wav"
"Burping_or_eructation","Burping_or_eructation_c1810576.wav"
"Burping_or_eructation","Burping_or_eructation_c38962c4.wav"
"Burping_or_eructation","Burping_or_eructation_c40b8508.wav"
"Burping_or_eructation","Burping_or_eructation_c672ed7f.wav"
"Burping_or_eructation","Burping_or_eructation_c894da70.wav"
"Burping_or_eructation","Burping_or_eructation_c8dc63a5.wav"
"Burping_or_eructation","Burping_or_eructation_c8fbc442.wav"
"Burping_or_eructation","Burping_or_eructation_c90feba0.wav"
"Burping_or_eructation","Burping_or_eructation_ca37bc8d.wav"
"Burping_or_eructation","Burping_or_eructation_ca8a15bd.wav"
"Burping_or_eructation","Burping_or_eructation_cc60a261.wav"
"Burping_or_eructation","Burping_or_eructation_cc843f6a.wav"
"Burping_or_eructation","Burping_or_eructation_cdfc084a.wav"
"Burping_or_eructation","Burping_or_eructation_cfb7c1ee.wav"
"Burping_or_eructation","Burping_or_eructation_cfd4461a.wav"
"Burping_or_eructation","Burping_or_eructation_d493032f.wav"
"Burping_or_eructation","Burping_or_eructation_d4ee5722.wav"
"Burping_or_eructation","Burping_or_eructation_d64429ed.wav"
"Burping_or_eructation","Burping_or_eructation_d6f56693.wav"
"Burping_or_eructation","Burping_or_eructation_d7baee61.wav"
"Burping_or_eructation","Burping_or_eructation_d81a8b02.wav"
"Burping_or_eructation","Burping_or_eructation_dd54505d.wav"
"Burping_or_eructation","Burping_or_eructation_ddaa3f26.wav"
"Burping_or_eructation","Burping_or_eructation_e3eff846.wav"
"Burping_or_eructation","Burping_or_eructation_e908103d.wav"
"Burping_or_eructation","Burping_or_eructation_ea907f35.wav"
"Burping_or_eructation","Burping_or_eructation_ec988f2f.wav"
"Burping_or_eructation","Burping_or_eructation_ec9c647a.wav"
"Burping_or_eructation","Burping_or_eructation_ece62f3a.wav"
"Burping_or_eructation","Burping_or_eructation_ed977683.wav"
"Burping_or_eructation","Burping_or_eructation_ee617055.wav"
"Burping_or_eructation","Burping_or_eructation_efd6bce5.wav"
"Burping_or_eructation","Burping_or_eructation_f0363605.wav"
"Burping_or_eructation","Burping_or_eructation_f1ef90d8.wav"
"Burping_or_eructation","Burping_or_eructation_f213ab3d.wav"
"Burping_or_eructation","Burping_or_eructation_f398cd94.wav"
"Burping_or_eructation","Burping_or_eructation_f45f6503.wav"
"Burping_or_eructation","Burping_or_eructation_f4e5760e.wav"
"Burping_or_eructation","Burping_or_eructation_f5cc6efe.wav"
"Burping_or_eructation","Burping_or_eructation_f67bf992.wav"
"Burping_or_eructation","Burping_or_eructation_f938e596.wav"
"Burping_or_eructation","Burping_or_eructation_fa6b48ee.wav"
"Burping_or_eructation","Burping_or_eructation_fd3b6ffc.wav"
"Burping_or_eructation","Burping_or_eructation_fef2f4dd.wav"
"Burping_or_eructation","Burping_or_eructation_ffe66841.wav"
"Cough","Cough_00d1fe46.wav"
"Cough","Cough_02d6b747.wav"
"Cough","Cough_047b3d34.wav"
"Cough","Cough_07ec6849.wav"
"Cough","Cough_09282dc5.wav"
"Cough","Cough_09a355a9.wav"
"Cough","Cough_0b142b38.wav"
"Cough","Cough_0b3d7a19.wav"
"Cough","Cough_0b5b6734.wav"
"Cough","Cough_0ff26813.wav"
"Cough","Cough_11f33ae4.wav"
"Cough","Cough_12323e04.wav"
"Cough","Cough_12d43904.wav"
"Cough","Cough_146fd7fd.wav"
"Cough","Cough_16670642.wav"
"Cough","Cough_1755b07f.wav"
"Cough","Cough_17898a27.wav"
"Cough","Cough_182d509a.wav"
"Cough","Cough_18e0caac.wav"
"Cough","Cough_193e878a.wav"
"Cough","Cough_1a86eff7.wav"
"Cough","Cough_1f9b86a0.wav"
"Cough","Cough_20890d27.wav"
"Cough","Cough_237e1078.wav"
"Cough","Cough_23b6d45c.wav"
"Cough","Cough_23ebf391.wav"
"Cough","Cough_24779e2d.wav"
"Cough","Cough_256bc358.wav"
"Cough","Cough_266a279f.wav"
"Cough","Cough_282aa031.wav"
"Cough","Cough_2846dc18.wav"
"Cough","Cough_28c13a63.wav"
"Cough","Cough_29076655.wav"
"Cough","Cough_2d928ec4.wav"
"Cough","Cough_2e7a4dc2.wav"
"Cough","Cough_331b3a0f.wav"
"Cough","Cough_3798cb82.wav"
"Cough","Cough_39eee2a5.wav"
"Cough","Cough_3b802d90.wav"
"Cough","Cough_3d795d2a.wav"
"Cough","Cough_3dee39ff.wav"
"Cough","Cough_3e782d24.wav"
"Cough","Cough_3ee056f2.wav"
"Cough","Cough_3f52541c.wav"
"Cough","Cough_3fbc907f.wav"
"Cough","Cough_42331d5b.wav"
"Cough","Cough_430902a2.wav"
"Cough","Cough_441a4e7d.wav"
"Cough","Cough_45ea531e.wav"
"Cough","Cough_45f3e225.wav"
"Cough","Cough_4790f36f.wav"
"Cough","Cough_4865ba98.wav"
"Cough","Cough_4ab8ab15.wav"
"Cough","Cough_4adfa318.wav"
"Cough","Cough_4c5e41ef.wav"
"Cough","Cough_4e8a6556.wav"
"Cough","Cough_4f600ce5.wav"
"Cough","Cough_504dd043.wav"
"Cough","Cough_50853a02.wav"
"Cough","Cough_50d9edd6.wav"
"Cough","Cough_51994034.wav"
"Cough","Cough_5323a054.wav"
"Cough","Cough_5361e01a.wav"
"Cough","Cough_540226e3.wav"
"Cough","Cough_567ac6d1.wav"
"Cough","Cough_56db9231.wav"
"Cough","Cough_589b7cbe.wav"
"Cough","Cough_58cec63d.wav"
"Cough","Cough_59107829.wav"
"Cough","Cough_591a127b.wav"
"Cough","Cough_59317e02.wav"
"Cough","Cough_5a1456d5.wav"
"Cough","Cough_5a7c8da8.wav"
"Cough","Cough_5abc2cd1.wav"
"Cough","Cough_5cc2be86.wav"
"Cough","Cough_5cd6e4e1.wav"
"Cough","Cough_5cf8c92f.wav"
"Cough","Cough_5f20684f.wav"
"Cough","Cough_5f934315.wav"
"Cough","Cough_5fc54ba5.wav"
"Cough","Cough_604e28b1.wav"
"Cough","Cough_60e178b0.wav"
"Cough","Cough_644aaa95.wav"
"Cough","Cough_65b8dac7.wav"
"Cough","Cough_66bb1172.wav"
"Cough","Cough_69175165.wav"
"Cough","Cough_6bc128c5.wav"
"Cough","Cough_6bfef780.wav"
"Cough","Cough_6d5abee4.wav"
"Cough","Cough_6ddfdcfd.wav"
"Cough","Cough_6efdf654.wav"
"Cough","Cough_6f3038f1.wav"
"Cough","Cough_6f37f0d4.wav"
"Cough","Cough_70a563c3.wav"
"Cough","Cough_713da8e9.wav"
"Cough","Cough_71f2b82b.wav"
"Cough","Cough_71fbfed6.wav"
"Cough","Cough_72dd13f1.wav"
"Cough","Cough_73608822.wav"
"Cough","Cough_7366bd51.wav"
"Cough","Cough_73a8474b.wav"
"Cough","Cough_76c23da7.wav"
"Cough","Cough_76e31fe2.wav"
"Cough","Cough_788f5993.wav"
"Cough","Cough_78f34b3a.wav"
"Cough","Cough_798d6d5e.wav"
"Cough","Cough_79a8dbcc.wav"
"Cough","Cough_79b29f52.wav"
"Cough","Cough_79faa0c4.wav"
"Cough","Cough_7f4c86b4.wav"
"Cough","Cough_7f80d12f.wav"
"Cough","Cough_819f0f9d.wav"
"Cough","Cough_81f0b550.wav"
"Cough","Cough_827d48f9.wav"
"Cough","Cough_828b5e00.wav"
"Cough","Cough_83990ed1.wav"
"Cough","Cough_85b224b5.wav"
"Cough","Cough_89affc19.wav"
"Cough","Cough_8b76e49d.wav"
"Cough","Cough_8f19ac6d.wav"
"Cough","Cough_8ffbd5ae.wav"
"Cough","Cough_92274098.wav"
"Cough","Cough_938dc23d.wav"
"Cough","Cough_94583f41.wav"
"Cough","Cough_94c63e80.wav"
"Cough","Cough_95bd02b1.wav"
"Cough","Cough_95d26d9c.wav"
"Cough","Cough_96e65c33.wav"
"Cough","Cough_99db2c7e.wav"
"Cough","Cough_9a332642.wav"
"Cough","Cough_9a76ee63.wav"
"Cough","Cough_9b3cfa23.wav"
"Cough","Cough_9b5e1c20.wav"
"Cough","Cough_9cc14c5f.wav"
"Cough","Cough_9f6dae21.wav"
"Cough","Cough_a0d7b9cc.wav"
"Cough","Cough_a1751510.wav"
"Cough","Cough_a2575c2a.wav"
"Cough","Cough_a37e6f07.wav"
"Cough","Cough_a39df250.wav"
"Cough","Cough_a3f5c0a8.wav"
"Cough","Cough_a5447a9a.wav"
"Cough","Cough_a591054c.wav"
"Cough","Cough_a614fce9.wav"
"Cough","Cough_a70a5165.wav"
"Cough","Cough_a8a55a60.wav"
"Cough","Cough_a9cd37c0.wav"
"Cough","Cough_ad4e15d3.wav"
"Cough","Cough_aeef4dcd.wav"
"Cough","Cough_b032262f.wav"
"Cough","Cough_b0fba6dc.wav"
"Cough","Cough_b114fb4f.wav"
"Cough","Cough_b2c9df27.wav"
"Cough","Cough_b3b542e9.wav"
"Cough","Cough_b3ce4edb.wav"
"Cough","Cough_b6d5c991.wav"
"Cough","Cough_b7fab4b5.wav"
"Cough","Cough_b8ad1645.wav"
"Cough","Cough_b9521c38.wav"
"Cough","Cough_bb495a62.wav"
"Cough","Cough_bc6b3052.wav"
"Cough","Cough_bc87af32.wav"
"Cough","Cough_be6ca096.wav"
"Cough","Cough_bea68b34.wav"
"Cough","Cough_bfbfa1d3.wav"
"Cough","Cough_c1c23b20.wav"
"Cough","Cough_c2138e33.wav"
"Cough","Cough_c433a263.wav"
"Cough","Cough_c4564a2b.wav"
"Cough","Cough_c49355f7.wav"
"Cough","Cough_c50afa17.wav"
"Cough","Cough_c51d5670.wav"
"Cough","Cough_c5a6bb8a.wav"
"Cough","Cough_c7b12dca.wav"
"Cough","Cough_c8ef85c1.wav"
"Cough","Cough_c95e5234.wav"
"Cough","Cough_c99274ce.wav"
"Cough","Cough_c9cad980.wav"
"Cough","Cough_ca1cffc7.wav"
"Cough","Cough_cab49319.wav"
"Cough","Cough_cb5d5737.wav"
"Cough","Cough_cdc8f61d.wav"
"Cough","Cough_cf469143.wav"
"Cough","Cough_d0141870.wav"
"Cough","Cough_d3bf9ace.wav"
"Cough","Cough_d433497c.wav"
"Cough","Cough_d6a90304.wav"
"Cough","Cough_d6f501d7.wav"
"Cough","Cough_d9a9ad06.wav"
"Cough","Cough_daedfdde.wav"
"Cough","Cough_db06541a.wav"
"Cough","Cough_e0435db2.wav"
"Cough","Cough_e048451f.wav"
"Cough","Cough_e158fd40.wav"
"Cough","Cough_e2665d8d.wav"
"Cough","Cough_e47fbf73.wav"
"Cough","Cough_e70382cf.wav"
"Cough","Cough_e76ddb8c.wav"
"Cough","Cough_e81dd3c0.wav"
"Cough","Cough_e86dbad2.wav"
"Cough","Cough_e92eb9cf.wav"
"Cough","Cough_e9e38c4c.wav"
"Cough","Cough_ec48ca73.wav"
"Cough","Cough_f08d2ce5.wav"
"Cough","Cough_f23cc73e.wav"
"Cough","Cough_f3095fdd.wav"
"Cough","Cough_f322771f.wav"
"Cough","Cough_f41dcbd7.wav"
"Cough","Cough_f5740c17.wav"
"Cough","Cough_f6e5aca5.wav"
"Cough","Cough_f711abcc.wav"
"Cough","Cough_f72c8770.wav"
"Cough","Cough_f78b96bc.wav"
"Cough","Cough_f7c0ebf8.wav"
"Cough","Cough_f8468ebd.wav"
"Cough","Cough_f8ff37cb.wav"
"Cough","Cough_fb3fef41.wav"
"Cough","Cough_fc55d69a.wav"
"Cough","Cough_fd8121bc.wav"
"Cough","Cough_feb79886.wav"
"Cough","Cough_ffa4a506.wav"
"Cough","Cough_fff81f55.wav"
"Double_bass","Double_bass_018863f5.wav"
"Double_bass","Double_bass_018a10bb.wav"
"Double_bass","Double_bass_01a5dc85.wav"
"Double_bass","Double_bass_0231b9f3.wav"
"Double_bass","Double_bass_0286fc27.wav"
"Double_bass","Double_bass_02d7fba3.wav"
"Double_bass","Double_bass_03d42e2e.wav"
"Double_bass","Double_bass_0508f1e3.wav"
"Double_bass","Double_bass_0526ac41.wav"
"Double_bass","Double_bass_05ef46ec.wav"
"Double_bass","Double_bass_072f3031.wav"
"Double_bass","Double_bass_08894340.wav"
"Double_bass","Double_bass_0906c4a9.wav"
"Double_bass","Double_bass_09a732e6.wav"
"Double_bass","Double_bass_0b5dd555.wav"
"Double_bass","Double_bass_0ce9b7a0.wav"
"Double_bass","Double_bass_0da0c554.wav"
"Double_bass","Double_bass_0e2fbeb8.wav"
"Double_bass","Double_bass_10086933.wav"
"Double_bass","Double_bass_103f29e5.wav"
"Double_bass","Double_bass_10884a97.wav"
"Double_bass","Double_bass_1181e997.wav"
"Double_bass","Double_bass_12371b67.wav"
"Double_bass","Double_bass_129dc328.wav"
"Double_bass","Double_bass_16e47626.wav"
"Double_bass","Double_bass_17e247fc.wav"
"Double_bass","Double_bass_189c2ac2.wav"
"Double_bass","Double_bass_19893aa8.wav"
"Double_bass","Double_bass_19a1f537.wav"
"Double_bass","Double_bass_1a7d3f2d.wav"
"Double_bass","Double_bass_1b052de5.wav"
"Double_bass","Double_bass_1d23c74b.wav"
"Double_bass","Double_bass_1d24518b.wav"
"Double_bass","Double_bass_1e55de2b.wav"
"Double_bass","Double_bass_206161e8.wav"
"Double_bass","Double_bass_2137ed0e.wav"
"Double_bass","Double_bass_220a73b7.wav"
"Double_bass","Double_bass_252227f9.wav"
"Double_bass","Double_bass_2648b632.wav"
"Double_bass","Double_bass_280b5439.wav"
"Double_bass","Double_bass_286580a3.wav"
"Double_bass","Double_bass_28e0f162.wav"
"Double_bass","Double_bass_28f5dfd6.wav"
"Double_bass","Double_bass_29ff7d7b.wav"
"Double_bass","Double_bass_2ac8b94f.wav"
"Double_bass","Double_bass_2af5172d.wav"
"Double_bass","Double_bass_2de7d3df.wav"
"Double_bass","Double_bass_2e2f1a7e.wav"
"Double_bass","Double_bass_31a32dc6.wav"
"Double_bass","Double_bass_3300aae9.wav"
"Double_bass","Double_bass_33ae49c1.wav"
"Double_bass","Double_bass_34e04b95.wav"
"Double_bass","Double_bass_3564bae2.wav"
"Double_bass","Double_bass_373f60bf.wav"
"Double_bass","Double_bass_3846f2fa.wav"
"Double_bass","Double_bass_385c2814.wav"
"Double_bass","Double_bass_385e9493.wav"
"Double_bass","Double_bass_3a151889.wav"
"Double_bass","Double_bass_3a460182.wav"
"Double_bass","Double_bass_3ae76b24.wav"
"Double_bass","Double_bass_3bbe245d.wav"
"Double_bass","Double_bass_3bfb1c63.wav"
"Double_bass","Double_bass_3c82d509.wav"
"Double_bass","Double_bass_3c9abefe.wav"
"Double_bass","Double_bass_3dbb6542.wav"
"Double_bass","Double_bass_3fc5aa0c.wav"
"Double_bass","Double_bass_420b6ee8.wav"
"Double_bass","Double_bass_43c5b733.wav"
"Double_bass","Double_bass_45c077da.wav"
"Double_bass","Double_bass_461558c3.wav"
"Double_bass","Double_bass_462b676f.wav"
"Double_bass","Double_bass_467953c6.wav"
"Double_bass","Double_bass_49223304.wav"
"Double_bass","Double_bass_49ee90a9.wav"
"Double_bass","Double_bass_4afc5a71.wav"
"Double_bass","Double_bass_4b090c94.wav"
"Double_bass","Double_bass_4c0c385f.wav"
"Double_bass","Double_bass_4c789a19.wav"
"Double_bass","Double_bass_4cbba37a.wav"
"Double_bass","Double_bass_4ce14aa2.wav"
"Double_bass","Double_bass_4cee46a4.wav"
"Double_bass","Double_bass_4cf82cd1.wav"
"Double_bass","Double_bass_4f02375d.wav"
"Double_bass","Double_bass_4fb480bf.wav"
"Double_bass","Double_bass_4fd883bb.wav"
"Double_bass","Double_bass_512b0a33.wav"
"Double_bass","Double_bass_51402418.wav"
"Double_bass","Double_bass_54c20e0a.wav"
"Double_bass","Double_bass_55b7d572.wav"
"Double_bass","Double_bass_56238daa.wav"
"Double_bass","Double_bass_562fed68.wav"
"Double_bass","Double_bass_58ffa1af.wav"
"Double_bass","Double_bass_595c191d.wav"
"Double_bass","Double_bass_5b3300e6.wav"
"Double_bass","Double_bass_5eadbc6d.wav"
"Double_bass","Double_bass_5fb10f46.wav"
"Double_bass","Double_bass_601c44d5.wav"
"Double_bass","Double_bass_6116eaa8.wav"
"Double_bass","Double_bass_61ef1c43.wav"
"Double_bass","Double_bass_627395bc.wav"
"Double_bass","Double_bass_63222cd2.wav"
"Double_bass","Double_bass_63b9e36a.wav"
"Double_bass","Double_bass_642ad7e4.wav"
"Double_bass","Double_bass_6435af44.wav"
"Double_bass","Double_bass_6480dd54.wav"
"Double_bass","Double_bass_64ad99d7.wav"
"Double_bass","Double_bass_64c1bdd2.wav"
"Double_bass","Double_bass_655b5248.wav"
"Double_bass","Double_bass_66bcf27e.wav"
"Double_bass","Double_bass_674664a6.wav"
"Double_bass","Double_bass_69e3060d.wav"
"Double_bass","Double_bass_6a4276c7.wav"
"Double_bass","Double_bass_6b03607b.wav"
"Double_bass","Double_bass_6b93b48a.wav"
"Double_bass","Double_bass_6e1f6a82.wav"
"Double_bass","Double_bass_6efbaf90.wav"
"Double_bass","Double_bass_6f95f6ee.wav"
"Double_bass","Double_bass_6ff78d91.wav"
"Double_bass","Double_bass_700f6042.wav"
"Double_bass","Double_bass_7016103a.wav"
"Double_bass","Double_bass_703e4244.wav"
"Double_bass","Double_bass_727e8840.wav"
"Double_bass","Double_bass_72d24b33.wav"
"Double_bass","Double_bass_731f0692.wav"
"Double_bass","Double_bass_733324ef.wav"
"Double_bass","Double_bass_769980e5.wav"
"Double_bass","Double_bass_76e56ba9.wav"
"Double_bass","Double_bass_78cf7be3.wav"
"Double_bass","Double_bass_791648dc.wav"
"Double_bass","Double_bass_7938de7e.wav"
"Double_bass","Double_bass_7a4666c5.wav"
"Double_bass","Double_bass_7c07d6ac.wav"
"Double_bass","Double_bass_7e498870.wav"
"Double_bass","Double_bass_7e66cfeb.wav"
"Double_bass","Double_bass_7e7c5843.wav"
"Double_bass","Double_bass_7e85a484.wav"
"Double_bass","Double_bass_7ee7a710.wav"
"Double_bass","Double_bass_7f1a7122.wav"
"Double_bass","Double_bass_8073923c.wav"
"Double_bass","Double_bass_81337cd8.wav"
"Double_bass","Double_bass_81c62db2.wav"
"Double_bass","Double_bass_81d5d2c1.wav"
"Double_bass","Double_bass_81f0cefe.wav"
"Double_bass","Double_bass_8332e01d.wav"
"Double_bass","Double_bass_849d97d6.wav"
"Double_bass","Double_bass_856ef8d7.wav"
"Double_bass","Double_bass_85d825f1.wav"
"Double_bass","Double_bass_868db11e.wav"
"Double_bass","Double_bass_86db4afb.wav"
"Double_bass","Double_bass_86f881f3.wav"
"Double_bass","Double_bass_879796a5.wav"
"Double_bass","Double_bass_892505e9.wav"
"Double_bass","Double_bass_89c2111f.wav"
"Double_bass","Double_bass_8ce2e863.wav"
"Double_bass","Double_bass_8d0d7231.wav"
"Double_bass","Double_bass_8d4f9ffa.wav"
"Double_bass","Double_bass_914d75e2.wav"
"Double_bass","Double_bass_924f77c2.wav"
"Double_bass","Double_bass_9312a465.wav"
"Double_bass","Double_bass_9503993d.wav"
"Double_bass","Double_bass_956d90d2.wav"
"Double_bass","Double_bass_95e1d0ae.wav"
"Double_bass","Double_bass_95eb2e1a.wav"
"Double_bass","Double_bass_962b14bb.wav"
"Double_bass","Double_bass_967e7193.wav"
"Double_bass","Double_bass_9713a607.wav"
"Double_bass","Double_bass_97a079d5.wav"
"Double_bass","Double_bass_99a5838c.wav"
"Double_bass","Double_bass_99e97f38.wav"
"Double_bass","Double_bass_9aeb5b7c.wav"
"Double_bass","Double_bass_9d0087cd.wav"
"Double_bass","Double_bass_9dd0141c.wav"
"Double_bass","Double_bass_a0cbe92e.wav"
"Double_bass","Double_bass_a1a12413.wav"
"Double_bass","Double_bass_a5b01a7d.wav"
"Double_bass","Double_bass_a6a969e4.wav"
"Double_bass","Double_bass_a702f715.wav"
"Double_bass","Double_bass_a71b2946.wav"
"Double_bass","Double_bass_a8683041.wav"
"Double_bass","Double_bass_ab67eaf3.wav"
"Double_bass","Double_bass_ac087c83.wav"
"Double_bass","Double_bass_ae0820a8.wav"
"Double_bass","Double_bass_ae26f1af.wav"
"Double_bass","Double_bass_b04794e5.wav"
"Double_bass","Double_bass_b36ddd2a.wav"
"Double_bass","Double_bass_b428466c.wav"
"Double_bass","Double_bass_b462999a.wav"
"Double_bass","Double_bass_b469f417.wav"
"Double_bass","Double_bass_b571b485.wav"
"Double_bass","Double_bass_b59561bd.wav"
"Double_bass","Double_bass_b5c1c5b5.wav"
"Double_bass","Double_bass_b9b4cdeb.wav"
"Double_bass","Double_bass_b9f4211b.wav"
"Double_bass","Double_bass_ba607131.wav"
"Double_bass","Double_bass_baaf8e25.wav"
"Double_bass","Double_bass_bb4bc929.wav"
"Double_bass","Double_bass_bb6c7c46.wav"
"Double_bass","Double_bass_bc156515.wav"
"Double_bass","Double_bass_bc6d6ca0.wav"
"Double_bass","Double_bass_bd1e5a45.wav"
"Double_bass","Double_bass_bd7a095a.wav"
"Double_bass","Double_bass_bfc870a2.wav"
"Double_bass","Double_bass_c00b6fbb.wav"
"Double_bass","Double_bass_c07686fc.wav"
"Double_bass","Double_bass_c0ddf010.wav"
"Double_bass","Double_bass_c0e26ff9.wav"
"Double_bass","Double_bass_c151663f.wav"
"Double_bass","Double_bass_c29fe4f2.wav"
"Double_bass","Double_bass_c41c1d11.wav"
"Double_bass","Double_bass_c5b9391c.wav"
"Double_bass","Double_bass_c6831568.wav"
"Double_bass","Double_bass_c6a138c3.wav"
"Double_bass","Double_bass_c74ea973.wav"
"Double_bass","Double_bass_c7ff089f.wav"
"Double_bass","Double_bass_c83e0fa1.wav"
"Double_bass","Double_bass_c84df40e.wav"
"Double_bass","Double_bass_c9f4878c.wav"
"Double_bass","Double_bass_ca348cbb.wav"
"Double_bass","Double_bass_cd5562d2.wav"
"Double_bass","Double_bass_cf2877fe.wav"
"Double_bass","Double_bass_cfecfc4e.wav"
"Double_bass","Double_bass_d04475f7.wav"
"Double_bass","Double_bass_d19c1764.wav"
"Double_bass","Double_bass_d356b7a6.wav"
"Double_bass","Double_bass_d390f367.wav"
"Double_bass","Double_bass_d39b9035.wav"
"Double_bass","Double_bass_d3a64b56.wav"
"Double_bass","Double_bass_d3fe92d2.wav"
"Double_bass","Double_bass_d425d7b8.wav"
"Double_bass","Double_bass_d53d97e5.wav"
"Double_bass","Double_bass_d57f368b.wav"
"Double_bass","Double_bass_d6221525.wav"
"Double_bass","Double_bass_d7050320.wav"
"Double_bass","Double_bass_da8ea649.wav"
"Double_bass","Double_bass_dac0a960.wav"
"Double_bass","Double_bass_daf478bb.wav"
"Double_bass","Double_bass_dc51a8b4.wav"
"Double_bass","Double_bass_dc5b2215.wav"
"Double_bass","Double_bass_dd5411fe.wav"
"Double_bass","Double_bass_dde4bb79.wav"
"Double_bass","Double_bass_deb87700.wav"
"Double_bass","Double_bass_df75d2e7.wav"
"Double_bass","Double_bass_e0c92985.wav"
"Double_bass","Double_bass_e0ecd1a6.wav"
"Double_bass","Double_bass_e3a31aa0.wav"
"Double_bass","Double_bass_e3bf4182.wav"
"Double_bass","Double_bass_e5e0718b.wav"
"Double_bass","Double_bass_e6597186.wav"
"Double_bass","Double_bass_e6f59785.wav"
"Double_bass","Double_bass_e70e5619.wav"
"Double_bass","Double_bass_e748539a.wav"
"Double_bass","Double_bass_e7bf4291.wav"
"Double_bass","Double_bass_e8d6b248.wav"
"Double_bass","Double_bass_e8fa13d1.wav"
"Double_bass","Double_bass_e9566ccd.wav"
"Double_bass","Double_bass_e9717322.wav"
"Double_bass","Double_bass_ecb12ae1.wav"
"Double_bass","Double_bass_ecb6ac6f.wav"
"Double_bass","Double_bass_eee11dd7.wav"
"Double_bass","Double_bass_f042282c.wav"
"Double_bass","Double_bass_f0f17a5c.wav"
"Double_bass","Double_bass_f39c4e54.wav"
"Double_bass","Double_bass_f3e9dea4.wav"
"Double_bass","Double_bass_f42056cc.wav"
"Double_bass","Double_bass_f46e0e2e.wav"
"Double_bass","Double_bass_f4b33ae6.wav"
"Double_bass","Double_bass_f5f24581.wav"
"Double_bass","Double_bass_f63f3703.wav"
"Double_bass","Double_bass_f8799d8d.wav"
"Double_bass","Double_bass_f964eaba.wav"
"Double_bass","Double_bass_f97695a4.wav"
"Double_bass","Double_bass_fa2155fc.wav"
"Double_bass","Double_bass_fa71933a.wav"
"Double_bass","Double_bass_fa901492.wav"
"Double_bass","Double_bass_faee8791.wav"
"Double_bass","Double_bass_fb64d9d4.wav"
"Double_bass","Double_bass_fb7b1a38.wav"
"Double_bass","Double_bass_fcfafbc8.wav"
"Double_bass","Double_bass_fd833f09.wav"
"Double_bass","Double_bass_fea8ae24.wav"
"Double_bass","Double_bass_fef60012.wav"
"Fart","Fart_00c82919.wav"
"Fart","Fart_010aa387.wav"
"Fart","Fart_021f8009.wav"
"Fart","Fart_0262817d.wav"
"Fart","Fart_051f9935.wav"
"Fart","Fart_060ca755.wav"
"Fart","Fart_074cc08b.wav"
"Fart","Fart_081a3386.wav"
"Fart","Fart_086e6a35.wav"
"Fart","Fart_08a94aca.wav"
"Fart","Fart_09a895f3.wav"
"Fart","Fart_0aaed52b.wav"
"Fart","Fart_0b80f560.wav"
"Fart","Fart_0c3bdc12.wav"
"Fart","Fart_0e439e01.wav"
"Fart","Fart_0f18c55b.wav"
"Fart","Fart_0f70f92f.wav"
"Fart","Fart_1181ee9d.wav"
"Fart","Fart_11e9db25.wav"
"Fart","Fart_12a650a4.wav"
"Fart","Fart_1301b8e3.wav"
"Fart","Fart_1365348d.wav"
"Fart","Fart_1373fdab.wav"
"Fart","Fart_13e15a49.wav"
"Fart","Fart_14819552.wav"
"Fart","Fart_1541af57.wav"
"Fart","Fart_166a1279.wav"
"Fart","Fart_1719d5f5.wav"
"Fart","Fart_18838b94.wav"
"Fart","Fart_19d094a2.wav"
"Fart","Fart_19f8e665.wav"
"Fart","Fart_1a15e4f1.wav"
"Fart","Fart_1bec87d9.wav"
"Fart","Fart_1d5d63d1.wav"
"Fart","Fart_1da79249.wav"
"Fart","Fart_1ecb52f9.wav"
"Fart","Fart_20ad1687.wav"
"Fart","Fart_20e4c3a0.wav"
"Fart","Fart_23226fdd.wav"
"Fart","Fart_232cc8b2.wav"
"Fart","Fart_233fc9e5.wav"
"Fart","Fart_23925f36.wav"
"Fart","Fart_24202032.wav"
"Fart","Fart_24addbbc.wav"
"Fart","Fart_24e250f8.wav"
"Fart","Fart_24eefa74.wav"
"Fart","Fart_25794ec7.wav"
"Fart","Fart_2624b75b.wav"
"Fart","Fart_26ea37e5.wav"
"Fart","Fart_271c6c8a.wav"
"Fart","Fart_276c2689.wav"
"Fart","Fart_29d5108a.wav"
"Fart","Fart_2a905697.wav"
"Fart","Fart_2b3a50a7.wav"
"Fart","Fart_2c28923e.wav"
"Fart","Fart_2c4b3304.wav"
"Fart","Fart_2dbd5c4c.wav"
"Fart","Fart_2e10afe3.wav"
"Fart","Fart_2fec3da6.wav"
"Fart","Fart_31104f2a.wav"
"Fart","Fart_34bb94e8.wav"
"Fart","Fart_356f6f26.wav"
"Fart","Fart_35e0b4ea.wav"
"Fart","Fart_38d2e014.wav"
"Fart","Fart_38ee5f4c.wav"
"Fart","Fart_3966c159.wav"
"Fart","Fart_3a3df080.wav"
"Fart","Fart_3be44863.wav"
"Fart","Fart_3c362989.wav"
"Fart","Fart_3c45ae64.wav"
"Fart","Fart_3d2cbf1e.wav"
"Fart","Fart_3d314961.wav"
"Fart","Fart_3e326ff4.wav"
"Fart","Fart_3f6978e0.wav"
"Fart","Fart_405b00ef.wav"
"Fart","Fart_40c62081.wav"
"Fart","Fart_4117c1f9.wav"
"Fart","Fart_42a977da.wav"
"Fart","Fart_44412fd2.wav"
"Fart","Fart_44922514.wav"
"Fart","Fart_4815fac2.wav"
"Fart","Fart_4819b54b.wav"
"Fart","Fart_486b15b6.wav"
"Fart","Fart_491b140e.wav"
"Fart","Fart_4a6cda1d.wav"
"Fart","Fart_4a7226e3.wav"
"Fart","Fart_4aa8d981.wav"
"Fart","Fart_4af8ad50.wav"
"Fart","Fart_4c8dd747.wav"
"Fart","Fart_4cb948c9.wav"
"Fart","Fart_4d112cdf.wav"
"Fart","Fart_4d2048b5.wav"
"Fart","Fart_4e15c09c.wav"
"Fart","Fart_4ec9b517.wav"
"Fart","Fart_4f1fa214.wav"
"Fart","Fart_4f36f736.wav"
"Fart","Fart_5026aa84.wav"
"Fart","Fart_508d3aed.wav"
"Fart","Fart_51711246.wav"
"Fart","Fart_5315d52b.wav"
"Fart","Fart_534914d0.wav"
"Fart","Fart_564ebce0.wav"
"Fart","Fart_56a59a85.wav"
"Fart","Fart_5adcf9b3.wav"
"Fart","Fart_5b980c61.wav"
"Fart","Fart_5baf9398.wav"
"Fart","Fart_5bf53c2d.wav"
"Fart","Fart_5d3a2660.wav"
"Fart","Fart_5dee10ca.wav"
"Fart","Fart_5e0d9b18.wav"
"Fart","Fart_5eabc175.wav"
"Fart","Fart_5fe4741a.wav"
"Fart","Fart_6064aad0.wav"
"Fart","Fart_61ffb766.wav"
"Fart","Fart_6325deb1.wav"
"Fart","Fart_65a465a3.wav"
"Fart","Fart_663954f8.wav"
"Fart","Fart_66a5004c.wav"
"Fart","Fart_67ffdc45.wav"
"Fart","Fart_68532fcb.wav"
"Fart","Fart_696ed9ab.wav"
"Fart","Fart_6a8ebd07.wav"
"Fart","Fart_6bfe3806.wav"
"Fart","Fart_6dcdddab.wav"
"Fart","Fart_6e18d7ed.wav"
"Fart","Fart_6f19512b.wav"
"Fart","Fart_6fe0c043.wav"
"Fart","Fart_704d6fc7.wav"
"Fart","Fart_708c7991.wav"
"Fart","Fart_70fb6968.wav"
"Fart","Fart_7171c678.wav"
"Fart","Fart_71f098be.wav"
"Fart","Fart_7205c93f.wav"
"Fart","Fart_72af0ac5.wav"
"Fart","Fart_737a9052.wav"
"Fart","Fart_756d19cd.wav"
"Fart","Fart_76186def.wav"
"Fart","Fart_77270e96.wav"
"Fart","Fart_772ab2de.wav"
"Fart","Fart_7862a91b.wav"
"Fart","Fart_798d03b7.wav"
"Fart","Fart_7a66b759.wav"
"Fart","Fart_7a79b65a.wav"
"Fart","Fart_7aecd8c9.wav"
"Fart","Fart_7baee018.wav"
"Fart","Fart_7c2ba8c5.wav"
"Fart","Fart_7ef2c8e9.wav"
"Fart","Fart_7ff97a01.wav"
"Fart","Fart_8104f828.wav"
"Fart","Fart_827ea9af.wav"
"Fart","Fart_82c64894.wav"
"Fart","Fart_8388fbb9.wav"
"Fart","Fart_838edf19.wav"
"Fart","Fart_84658e7e.wav"
"Fart","Fart_84b379fe.wav"
"Fart","Fart_8855b468.wav"
"Fart","Fart_899e2e78.wav"
"Fart","Fart_8b5fbd09.wav"
"Fart","Fart_8c7f9a97.wav"
"Fart","Fart_8cd1bd28.wav"
"Fart","Fart_8cec30c7.wav"
"Fart","Fart_8d740ee0.wav"
"Fart","Fart_8d7aae4f.wav"
"Fart","Fart_8e09320a.wav"
"Fart","Fart_8e2f7700.wav"
"Fart","Fart_8e71e639.wav"
"Fart","Fart_8f85b428.wav"
"Fart","Fart_90e7eaec.wav"
"Fart","Fart_9154e60b.wav"
"Fart","Fart_91dec7b9.wav"
"Fart","Fart_9250b965.wav"
"Fart","Fart_928dd75c.wav"
"Fart","Fart_931c08e4.wav"
"Fart","Fart_945aa934.wav"
"Fart","Fart_94c0bc66.wav"
"Fart","Fart_9742cc48.wav"
"Fart","Fart_97599450.wav"
"Fart","Fart_9814c7c8.wav"
"Fart","Fart_9a0a3097.wav"
"Fart","Fart_9a0cf427.wav"
"Fart","Fart_9b383f73.wav"
"Fart","Fart_9e58e083.wav"
"Fart","Fart_a093853b.wav"
"Fart","Fart_a20ca49c.wav"
"Fart","Fart_a26f5ea2.wav"
"Fart","Fart_a3989591.wav"
"Fart","Fart_a428904b.wav"
"Fart","Fart_a440d03e.wav"
"Fart","Fart_a44fc9e6.wav"
"Fart","Fart_a53ed8df.wav"
"Fart","Fart_a59d8fcf.wav"
"Fart","Fart_a8b8cbe5.wav"
"Fart","Fart_a8cf3308.wav"
"Fart","Fart_aaf5465b.wav"
"Fart","Fart_ac010f92.wav"
"Fart","Fart_ac01e5d5.wav"
"Fart","Fart_ad73fca1.wav"
"Fart","Fart_b0549e4b.wav"
"Fart","Fart_b1d7b358.wav"
"Fart","Fart_b4087165.wav"
"Fart","Fart_b4815be4.wav"
"Fart","Fart_b4c0f699.wav"
"Fart","Fart_b755be21.wav"
"Fart","Fart_b82c6617.wav"
"Fart","Fart_b87147ff.wav"
"Fart","Fart_b8a5bbfb.wav"
"Fart","Fart_bb1f8855.wav"
"Fart","Fart_bc32dfc2.wav"
"Fart","Fart_bcb3ec9c.wav"
"Fart","Fart_bd5c56a1.wav"
"Fart","Fart_befa1789.wav"
"Fart","Fart_bf5e79af.wav"
"Fart","Fart_bfad4e3c.wav"
"Fart","Fart_c107d918.wav"
"Fart","Fart_c19cc539.wav"
"Fart","Fart_c2a89101.wav"
"Fart","Fart_c429c0cf.wav"
"Fart","Fart_c49dc2a8.wav"
"Fart","Fart_c8b3be94.wav"
"Fart","Fart_ca1b7f0a.wav"
"Fart","Fart_ca940fe4.wav"
"Fart","Fart_cc374039.wav"
"Fart","Fart_d09ef2c7.wav"
"Fart","Fart_d4c14be6.wav"
"Fart","Fart_d660efb7.wav"
"Fart","Fart_d664de66.wav"
"Fart","Fart_d6e1f1ac.wav"
"Fart","Fart_d8c29016.wav"
"Fart","Fart_da261e19.wav"
"Fart","Fart_dad07f00.wav"
"Fart","Fart_dad5f277.wav"
"Fart","Fart_dade3098.wav"
"Fart","Fart_dbd81df9.wav"
"Fart","Fart_dcb908ef.wav"
"Fart","Fart_dd775811.wav"
"Fart","Fart_de8f65a2.wav"
"Fart","Fart_dea24938.wav"
"Fart","Fart_df976153.wav"
"Fart","Fart_e0039925.wav"
"Fart","Fart_e09edb1f.wav"
"Fart","Fart_e1957c8c.wav"
"Fart","Fart_e32d8a78.wav"
"Fart","Fart_e3818090.wav"
"Fart","Fart_e4090cfa.wav"
"Fart","Fart_e4966885.wav"
"Fart","Fart_e772d204.wav"
"Fart","Fart_e8874873.wav"
"Fart","Fart_e9042c36.wav"
"Fart","Fart_eb297ef6.wav"
"Fart","Fart_ec0942cf.wav"
"Fart","Fart_ed0b09f2.wav"
"Fart","Fart_ee99c282.wav"
"Fart","Fart_ef359f4f.wav"
"Fart","Fart_ef838630.wav"
"Fart","Fart_f0a743c5.wav"
"Fart","Fart_f1691e35.wav"
"Fart","Fart_f1a0a22a.wav"
"Fart","Fart_f3fe12a9.wav"
"Fart","Fart_f488c69f.wav"
"Fart","Fart_f71d345f.wav"
"Fart","Fart_f73cbdd5.wav"
"Fart","Fart_f77025c7.wav"
"Fart","Fart_f77419c7.wav"
"Fart","Fart_f7e54cb4.wav"
"Fart","Fart_fa47fd75.wav"
"Fart","Fart_fab57312.wav"
"Fart","Fart_fbcf972f.wav"
"Fart","Fart_fbd02161.wav"
"Fart","Fart_fd3eddd2.wav"
"Fart","Fart_fd407484.wav"
"Fart","Fart_fd4187c7.wav"
"Fart","Fart_fdadbe15.wav"
"Fart","Fart_fea7766d.wav"
"Fart","Fart_ffd6b26c.wav"
"Fireworks","Fireworks_0193042e.wav"
"Fireworks","Fireworks_019aae9d.wav"
"Fireworks","Fireworks_0244bb9e.wav"
"Fireworks","Fireworks_027aee2a.wav"
"Fireworks","Fireworks_034beca1.wav"
"Fireworks","Fireworks_0429828b.wav"
"Fireworks","Fireworks_052789c8.wav"
"Fireworks","Fireworks_05a458a7.wav"
"Fireworks","Fireworks_06dbf664.wav"
"Fireworks","Fireworks_070183b1.wav"
"Fireworks","Fireworks_09b51c66.wav"
"Fireworks","Fireworks_0a037e96.wav"
"Fireworks","Fireworks_0a49afad.wav"
"Fireworks","Fireworks_0b4dc8fc.wav"
"Fireworks","Fireworks_0c66ddcb.wav"
"Fireworks","Fireworks_0dbdffe2.wav"
"Fireworks","Fireworks_0e9cb14e.wav"
"Fireworks","Fireworks_118413f9.wav"
"Fireworks","Fireworks_1199128e.wav"
"Fireworks","Fireworks_13043bab.wav"
"Fireworks","Fireworks_15edc230.wav"
"Fireworks","Fireworks_16488606.wav"
"Fireworks","Fireworks_16833489.wav"
"Fireworks","Fireworks_16d90624.wav"
"Fireworks","Fireworks_18b3013e.wav"
"Fireworks","Fireworks_19965075.wav"
"Fireworks","Fireworks_1a9d2862.wav"
"Fireworks","Fireworks_1c3e1a54.wav"
"Fireworks","Fireworks_1c3ed083.wav"
"Fireworks","Fireworks_1c520cae.wav"
"Fireworks","Fireworks_1e227aa6.wav"
"Fireworks","Fireworks_1e6d0052.wav"
"Fireworks","Fireworks_1f095666.wav"
"Fireworks","Fireworks_20903b44.wav"
"Fireworks","Fireworks_20ace19b.wav"
"Fireworks","Fireworks_225d8e40.wav"
"Fireworks","Fireworks_23b7d8f5.wav"
"Fireworks","Fireworks_2439dedd.wav"
"Fireworks","Fireworks_256ce8b0.wav"
"Fireworks","Fireworks_26d6556a.wav"
"Fireworks","Fireworks_27870d30.wav"
"Fireworks","Fireworks_2904b427.wav"
"Fireworks","Fireworks_2bc640e0.wav"
"Fireworks","Fireworks_2c75e086.wav"
"Fireworks","Fireworks_2cbf4f64.wav"
"Fireworks","Fireworks_2db1e842.wav"
"Fireworks","Fireworks_2eeac352.wav"
"Fireworks","Fireworks_3103a8e8.wav"
"Fireworks","Fireworks_314c57ed.wav"
"Fireworks","Fireworks_31b2f39c.wav"
"Fireworks","Fireworks_3254c6eb.wav"
"Fireworks","Fireworks_3283499e.wav"
"Fireworks","Fireworks_340c2dc4.wav"
"Fireworks","Fireworks_34816bee.wav"
"Fireworks","Fireworks_348440ac.wav"
"Fireworks","Fireworks_36315bea.wav"
"Fireworks","Fireworks_366a5492.wav"
"Fireworks","Fireworks_36967fb1.wav"
"Fireworks","Fireworks_38883816.wav"
"Fireworks","Fireworks_3b1d5657.wav"
"Fireworks","Fireworks_3e93dd4c.wav"
"Fireworks","Fireworks_3f4e1fb2.wav"
"Fireworks","Fireworks_40115a34.wav"
"Fireworks","Fireworks_4136ba6a.wav"
"Fireworks","Fireworks_41eadcab.wav"
"Fireworks","Fireworks_42301f90.wav"
"Fireworks","Fireworks_42faaa9e.wav"
"Fireworks","Fireworks_436ec5c3.wav"
"Fireworks","Fireworks_4397bc6f.wav"
"Fireworks","Fireworks_44430b53.wav"
"Fireworks","Fireworks_44ecc876.wav"
"Fireworks","Fireworks_450b7adb.wav"
"Fireworks","Fireworks_45449f84.wav"
"Fireworks","Fireworks_47c0a3fc.wav"
"Fireworks","Fireworks_48446686.wav"
"Fireworks","Fireworks_491c0d87.wav"
"Fireworks","Fireworks_4965b412.wav"
"Fireworks","Fireworks_4c80d382.wav"
"Fireworks","Fireworks_4cc40031.wav"
"Fireworks","Fireworks_4d08e621.wav"
"Fireworks","Fireworks_4d61a3c6.wav"
"Fireworks","Fireworks_4de60e0b.wav"
"Fireworks","Fireworks_4e48e683.wav"
"Fireworks","Fireworks_4e556dc5.wav"
"Fireworks","Fireworks_4e5d8e2c.wav"
"Fireworks","Fireworks_4f0289dc.wav"
"Fireworks","Fireworks_4f2f568c.wav"
"Fireworks","Fireworks_4f7f9b42.wav"
"Fireworks","Fireworks_508c1461.wav"
"Fireworks","Fireworks_516ed121.wav"
"Fireworks","Fireworks_518ea0eb.wav"
"Fireworks","Fireworks_521c3585.wav"
"Fireworks","Fireworks_52422d3d.wav"
"Fireworks","Fireworks_52e8444c.wav"
"Fireworks","Fireworks_5318e9d2.wav"
"Fireworks","Fireworks_5343d118.wav"
"Fireworks","Fireworks_53765a7b.wav"
"Fireworks","Fireworks_54a77272.wav"
"Fireworks","Fireworks_55aed1da.wav"
"Fireworks","Fireworks_55cb6a50.wav"
"Fireworks","Fireworks_5967bec2.wav"
"Fireworks","Fireworks_5a290275.wav"
"Fireworks","Fireworks_5a3331db.wav"
"Fireworks","Fireworks_5a8e0ae7.wav"
"Fireworks","Fireworks_5af67072.wav"
"Fireworks","Fireworks_5e4d7606.wav"
"Fireworks","Fireworks_5eaa4ac7.wav"
"Fireworks","Fireworks_5f11882f.wav"
"Fireworks","Fireworks_5fca79da.wav"
"Fireworks","Fireworks_60f9e3ed.wav"
"Fireworks","Fireworks_6115e8ac.wav"
"Fireworks","Fireworks_643dfb33.wav"
"Fireworks","Fireworks_643e4e39.wav"
"Fireworks","Fireworks_65d3c9a4.wav"
"Fireworks","Fireworks_67052549.wav"
"Fireworks","Fireworks_675e616f.wav"
"Fireworks","Fireworks_6823ee92.wav"
"Fireworks","Fireworks_68ae12e2.wav"
"Fireworks","Fireworks_691634cc.wav"
"Fireworks","Fireworks_6933a440.wav"
"Fireworks","Fireworks_69bbe198.wav"
"Fireworks","Fireworks_69ea40b5.wav"
"Fireworks","Fireworks_69f28d59.wav"
"Fireworks","Fireworks_6c9269c5.wav"
"Fireworks","Fireworks_6dc89ee7.wav"
"Fireworks","Fireworks_6e7d5f74.wav"
"Fireworks","Fireworks_70864f97.wav"
"Fireworks","Fireworks_70f22c96.wav"
"Fireworks","Fireworks_713502f1.wav"
"Fireworks","Fireworks_74580db9.wav"
"Fireworks","Fireworks_755e6708.wav"
"Fireworks","Fireworks_77b4d585.wav"
"Fireworks","Fireworks_781e81a8.wav"
"Fireworks","Fireworks_794a9e40.wav"
"Fireworks","Fireworks_794b500a.wav"
"Fireworks","Fireworks_79e22357.wav"
"Fireworks","Fireworks_79e99e49.wav"
"Fireworks","Fireworks_7a37c028.wav"
"Fireworks","Fireworks_7a392ab8.wav"
"Fireworks","Fireworks_7b8e73b7.wav"
"Fireworks","Fireworks_7c7fea83.wav"
"Fireworks","Fireworks_7cd36ab9.wav"
"Fireworks","Fireworks_7e88dc0b.wav"
"Fireworks","Fireworks_7e902870.wav"
"Fireworks","Fireworks_7ec550df.wav"
"Fireworks","Fireworks_7edbc698.wav"
"Fireworks","Fireworks_7ff6d11c.wav"
"Fireworks","Fireworks_802a3f2a.wav"
"Fireworks","Fireworks_815f1827.wav"
"Fireworks","Fireworks_819c9993.wav"
"Fireworks","Fireworks_81c569b4.wav"
"Fireworks","Fireworks_82d058e2.wav"
"Fireworks","Fireworks_83c3d42b.wav"
"Fireworks","Fireworks_851eef4a.wav"
"Fireworks","Fireworks_864b28d3.wav"
"Fireworks","Fireworks_86e11409.wav"
"Fireworks","Fireworks_881ef01f.wav"
"Fireworks","Fireworks_89da251b.wav"
"Fireworks","Fireworks_8a4fce15.wav"
"Fireworks","Fireworks_8ae50c6c.wav"
"Fireworks","Fireworks_8bdab359.wav"
"Fireworks","Fireworks_8c4e655a.wav"
"Fireworks","Fireworks_8c593c6e.wav"
"Fireworks","Fireworks_8d7e73e0.wav"
"Fireworks","Fireworks_8eb59f72.wav"
"Fireworks","Fireworks_92076449.wav"
"Fireworks","Fireworks_94c40c36.wav"
"Fireworks","Fireworks_96f9fc95.wav"
"Fireworks","Fireworks_97b26273.wav"
"Fireworks","Fireworks_9840f8a8.wav"
"Fireworks","Fireworks_99b72d43.wav"
"Fireworks","Fireworks_9b68cb7e.wav"
"Fireworks","Fireworks_9c91c331.wav"
"Fireworks","Fireworks_9f2a9d7b.wav"
"Fireworks","Fireworks_9fdecb3f.wav"
"Fireworks","Fireworks_a067129f.wav"
"Fireworks","Fireworks_a10dbb12.wav"
"Fireworks","Fireworks_a2d8cc0e.wav"
"Fireworks","Fireworks_a309ddda.wav"
"Fireworks","Fireworks_a34ae758.wav"
"Fireworks","Fireworks_a3dc39d8.wav"
"Fireworks","Fireworks_a611d977.wav"
"Fireworks","Fireworks_a623039e.wav"
"Fireworks","Fireworks_a7cd6a8d.wav"
"Fireworks","Fireworks_a94cf75c.wav"
"Fireworks","Fireworks_ab0b97e0.wav"
"Fireworks","Fireworks_abca8376.wav"
"Fireworks","Fireworks_af385e76.wav"
"Fireworks","Fireworks_af8b691d.wav"
"Fireworks","Fireworks_aff36438.wav"
"Fireworks","Fireworks_b0545db1.wav"
"Fireworks","Fireworks_b1f019c4.wav"
"Fireworks","Fireworks_b243a9f8.wav"
"Fireworks","Fireworks_b2789d97.wav"
"Fireworks","Fireworks_b2ae3465.wav"
"Fireworks","Fireworks_b39e7571.wav"
"Fireworks","Fireworks_b3fd8174.wav"
"Fireworks","Fireworks_b4f5c1e2.wav"
"Fireworks","Fireworks_b60c374b.wav"
"Fireworks","Fireworks_b62eb3aa.wav"
"Fireworks","Fireworks_b6533967.wav"
"Fireworks","Fireworks_b75985cd.wav"
"Fireworks","Fireworks_ba304821.wav"
"Fireworks","Fireworks_ba8f60bb.wav"
"Fireworks","Fireworks_bb36a316.wav"
"Fireworks","Fireworks_bb8a8a57.wav"
"Fireworks","Fireworks_be973667.wav"
"Fireworks","Fireworks_beb6c84a.wav"
"Fireworks","Fireworks_c017f3f7.wav"
"Fireworks","Fireworks_c0963db8.wav"
"Fireworks","Fireworks_c120a4aa.wav"
"Fireworks","Fireworks_c14ea138.wav"
"Fireworks","Fireworks_c35b66a2.wav"
"Fireworks","Fireworks_c5679e30.wav"
"Fireworks","Fireworks_c613d96c.wav"
"Fireworks","Fireworks_c79d3eab.wav"
"Fireworks","Fireworks_c7b66858.wav"
"Fireworks","Fireworks_c7d4ac63.wav"
"Fireworks","Fireworks_c8f92de1.wav"
"Fireworks","Fireworks_caafc360.wav"
"Fireworks","Fireworks_cc0b84e8.wav"
"Fireworks","Fireworks_cc4b2f59.wav"
"Fireworks","Fireworks_ccb19f8e.wav"
"Fireworks","Fireworks_cf5073f3.wav"
"Fireworks","Fireworks_d008a757.wav"
"Fireworks","Fireworks_d20f0057.wav"
"Fireworks","Fireworks_d38ec55e.wav"
"Fireworks","Fireworks_d4c998b1.wav"
"Fireworks","Fireworks_d50c5029.wav"
"Fireworks","Fireworks_d5c91a5f.wav"
"Fireworks","Fireworks_d7aae6fd.wav"
"Fireworks","Fireworks_d7f9a060.wav"
"Fireworks","Fireworks_d8abf134.wav"
"Fireworks","Fireworks_d9668d38.wav"
"Fireworks","Fireworks_d9de309a.wav"
"Fireworks","Fireworks_da1af4d1.wav"
"Fireworks","Fireworks_da370084.wav"
"Fireworks","Fireworks_db634e41.wav"
"Fireworks","Fireworks_dde94d31.wav"
"Fireworks","Fireworks_de270492.wav"
"Fireworks","Fireworks_de4cbf74.wav"
"Fireworks","Fireworks_de8b4c06.wav"
"Fireworks","Fireworks_dee5f3ac.wav"
"Fireworks","Fireworks_e14e0745.wav"
"Fireworks","Fireworks_e1d70a45.wav"
"Fireworks","Fireworks_e3488c48.wav"
"Fireworks","Fireworks_e3502f48.wav"
"Fireworks","Fireworks_e3d2709c.wav"
"Fireworks","Fireworks_e69abce6.wav"
"Fireworks","Fireworks_e8617ad4.wav"
"Fireworks","Fireworks_e948c3bf.wav"
"Fireworks","Fireworks_e957a144.wav"
"Fireworks","Fireworks_eb116c95.wav"
"Fireworks","Fireworks_ec0611d3.wav"
"Fireworks","Fireworks_ec89c299.wav"
"Fireworks","Fireworks_ed984a25.wav"
"Fireworks","Fireworks_ee362cd9.wav"
"Fireworks","Fireworks_eeada8ae.wav"
"Fireworks","Fireworks_efaa36dc.wav"
"Fireworks","Fireworks_f0591dce.wav"
"Fireworks","Fireworks_f1b9def1.wav"
"Fireworks","Fireworks_f2bcd3ad.wav"
"Fireworks","Fireworks_f581894c.wav"
"Fireworks","Fireworks_f68f40bf.wav"
"Fireworks","Fireworks_f73b59e0.wav"
"Fireworks","Fireworks_f7a59f34.wav"
"Fireworks","Fireworks_f8c1a609.wav"
"Fireworks","Fireworks_f8dd2e11.wav"
"Fireworks","Fireworks_f9d9ea85.wav"
"Fireworks","Fireworks_fa3b1ef3.wav"
"Fireworks","Fireworks_fd5b4002.wav"
"Fireworks","Fireworks_fd6a8735.wav"
"Fireworks","Fireworks_ff402c67.wav"
"Fireworks","Fireworks_ff8e95db.wav"
"Fireworks","Fireworks_ffec59fb.wav"
"Saxophone","Saxophone_001ca53d.wav"
"Saxophone","Saxophone_05b76c07.wav"
"Saxophone","Saxophone_05e4028a.wav"
"Saxophone","Saxophone_06789937.wav"
"Saxophone","Saxophone_0720ef3b.wav"
"Saxophone","Saxophone_0879e568.wav"
"Saxophone","Saxophone_0ad0bf22.wav"
"Saxophone","Saxophone_0ad666e3.wav"
"Saxophone","Saxophone_0b1f22c3.wav"
"Saxophone","Saxophone_0c3044b3.wav"
"Saxophone","Saxophone_0c36c39a.wav"
"Saxophone","Saxophone_0d8012f4.wav"
"Saxophone","Saxophone_0e7622f0.wav"
"Saxophone","Saxophone_0ea3dbaf.wav"
"Saxophone","Saxophone_0f958ff0.wav"
"Saxophone","Saxophone_11a0e319.wav"
"Saxophone","Saxophone_1264b8c7.wav"
"Saxophone","Saxophone_12e4c120.wav"
"Saxophone","Saxophone_131b1516.wav"
"Saxophone","Saxophone_15dcc731.wav"
"Saxophone","Saxophone_1a16ebfd.wav"
"Saxophone","Saxophone_1a4a4ebe.wav"
"Saxophone","Saxophone_1b738acd.wav"
"Saxophone","Saxophone_1bf859a7.wav"
"Saxophone","Saxophone_1c720526.wav"
"Saxophone","Saxophone_1df3177c.wav"
"Saxophone","Saxophone_1f743685.wav"
"Saxophone","Saxophone_202cbd7d.wav"
"Saxophone","Saxophone_21bf162b.wav"
"Saxophone","Saxophone_247ac56f.wav"
"Saxophone","Saxophone_25a82ad1.wav"
"Saxophone","Saxophone_25eef09a.wav"
"Saxophone","Saxophone_25f26095.wav"
"Saxophone","Saxophone_260ffd74.wav"
"Saxophone","Saxophone_264301a3.wav"
"Saxophone","Saxophone_2659c14c.wav"
"Saxophone","Saxophone_271f6198.wav"
"Saxophone","Saxophone_289cc6a8.wav"
"Saxophone","Saxophone_29441746.wav"
"Saxophone","Saxophone_2bc84744.wav"
"Saxophone","Saxophone_2f4d09b2.wav"
"Saxophone","Saxophone_2f9c5f62.wav"
"Saxophone","Saxophone_306f9e3f.wav"
"Saxophone","Saxophone_30b7b4e4.wav"
"Saxophone","Saxophone_31553d36.wav"
"Saxophone","Saxophone_31b0b176.wav"
"Saxophone","Saxophone_3219fa26.wav"
"Saxophone","Saxophone_3251bac1.wav"
"Saxophone","Saxophone_327111f1.wav"
"Saxophone","Saxophone_3272e576.wav"
"Saxophone","Saxophone_332d14da.wav"
"Saxophone","Saxophone_3444f2be.wav"
"Saxophone","Saxophone_34c01286.wav"
"Saxophone","Saxophone_35f0e452.wav"
"Saxophone","Saxophone_3662e614.wav"
"Saxophone","Saxophone_36d20ab5.wav"
"Saxophone","Saxophone_37cebbd4.wav"
"Saxophone","Saxophone_37d26e27.wav"
"Saxophone","Saxophone_396a1d62.wav"
"Saxophone","Saxophone_3a77d7c4.wav"
"Saxophone","Saxophone_3a80061f.wav"
"Saxophone","Saxophone_3b6b430a.wav"
"Saxophone","Saxophone_3c9b706e.wav"
"Saxophone","Saxophone_3c9cc3d1.wav"
"Saxophone","Saxophone_3f309887.wav"
"Saxophone","Saxophone_40a40896.wav"
"Saxophone","Saxophone_40a5bbad.wav"
"Saxophone","Saxophone_423210f5.wav"
"Saxophone","Saxophone_4345851e.wav"
"Saxophone","Saxophone_43fc0633.wav"
"Saxophone","Saxophone_45e63fdd.wav"
"Saxophone","Saxophone_472e7697.wav"
"Saxophone","Saxophone_4792b15e.wav"
"Saxophone","Saxophone_47cb5f8d.wav"
"Saxophone","Saxophone_47eafd0d.wav"
"Saxophone","Saxophone_483a1ab2.wav"
"Saxophone","Saxophone_4847fb9b.wav"
"Saxophone","Saxophone_4afa2149.wav"
"Saxophone","Saxophone_4ba0c404.wav"
"Saxophone","Saxophone_4bb00403.wav"
"Saxophone","Saxophone_4c21f44b.wav"
"Saxophone","Saxophone_4e93661c.wav"
"Saxophone","Saxophone_4f5e27a8.wav"
"Saxophone","Saxophone_510193fb.wav"
"Saxophone","Saxophone_5388d14d.wav"
"Saxophone","Saxophone_5543631a.wav"
"Saxophone","Saxophone_55a23759.wav"
"Saxophone","Saxophone_560977ac.wav"
"Saxophone","Saxophone_57789a2d.wav"
"Saxophone","Saxophone_57f97997.wav"
"Saxophone","Saxophone_58724448.wav"
"Saxophone","Saxophone_58d59768.wav"
"Saxophone","Saxophone_591cf4c2.wav"
"Saxophone","Saxophone_59a59541.wav"
"Saxophone","Saxophone_5a60144f.wav"
"Saxophone","Saxophone_5abdead3.wav"
"Saxophone","Saxophone_5ad06e75.wav"
"Saxophone","Saxophone_5b01d7c2.wav"
"Saxophone","Saxophone_5d10b35b.wav"
"Saxophone","Saxophone_5d4f8187.wav"
"Saxophone","Saxophone_5e2417a2.wav"
"Saxophone","Saxophone_5e92ec3d.wav"
"Saxophone","Saxophone_5f0dc8e4.wav"
"Saxophone","Saxophone_616ff2dc.wav"
"Saxophone","Saxophone_61e4de0f.wav"
"Saxophone","Saxophone_61f21edf.wav"
"Saxophone","Saxophone_620dbdce.wav"
"Saxophone","Saxophone_626de1cb.wav"
"Saxophone","Saxophone_627099f7.wav"
"Saxophone","Saxophone_63c8e4c6.wav"
"Saxophone","Saxophone_668721df.wav"
"Saxophone","Saxophone_66fe50dc.wav"
"Saxophone","Saxophone_67841fc1.wav"
"Saxophone","Saxophone_67d86f23.wav"
"Saxophone","Saxophone_685b5c1f.wav"
"Saxophone","Saxophone_69af03c3.wav"
"Saxophone","Saxophone_6a63dd77.wav"
"Saxophone","Saxophone_6a8dce61.wav"
"Saxophone","Saxophone_6b90ade1.wav"
"Saxophone","Saxophone_6ceab67a.wav"
"Saxophone","Saxophone_6daab86c.wav"
"Saxophone","Saxophone_6ea22bc2.wav"
"Saxophone","Saxophone_6f02c591.wav"
"Saxophone","Saxophone_70231b6a.wav"
"Saxophone","Saxophone_70c00511.wav"
"Saxophone","Saxophone_70fe372a.wav"
"Saxophone","Saxophone_71ed6f46.wav"
"Saxophone","Saxophone_7351502a.wav"
"Saxophone","Saxophone_73840309.wav"
"Saxophone","Saxophone_7470ab2c.wav"
"Saxophone","Saxophone_748c5f3b.wav"
"Saxophone","Saxophone_76b0588a.wav"
"Saxophone","Saxophone_76caa735.wav"
"Saxophone","Saxophone_78a86075.wav"
"Saxophone","Saxophone_790b0c13.wav"
"Saxophone","Saxophone_79753d0c.wav"
"Saxophone","Saxophone_7a458eec.wav"
"Saxophone","Saxophone_7b5777f2.wav"
"Saxophone","Saxophone_7b6b328f.wav"
"Saxophone","Saxophone_7c8baa21.wav"
"Saxophone","Saxophone_7cc65c00.wav"
"Saxophone","Saxophone_7d37ed76.wav"
"Saxophone","Saxophone_7ec8b121.wav"
"Saxophone","Saxophone_7fa88daa.wav"
"Saxophone","Saxophone_7fb68d4d.wav"
"Saxophone","Saxophone_8084970f.wav"
"Saxophone","Saxophone_820f3645.wav"
"Saxophone","Saxophone_83bd40b1.wav"
"Saxophone","Saxophone_84ba894c.wav"
"Saxophone","Saxophone_84c521bf.wav"
"Saxophone","Saxophone_84e54455.wav"
"Saxophone","Saxophone_8599f0a2.wav"
"Saxophone","Saxophone_85e3073f.wav"
"Saxophone","Saxophone_860a2f2e.wav"
"Saxophone","Saxophone_87286ca4.wav"
"Saxophone","Saxophone_8a68f631.wav"
"Saxophone","Saxophone_8b65c98b.wav"
"Saxophone","Saxophone_8da6c391.wav"
"Saxophone","Saxophone_8f223da9.wav"
"Saxophone","Saxophone_8fa096bf.wav"
"Saxophone","Saxophone_8fe0469c.wav"
"Saxophone","Saxophone_903f5020.wav"
"Saxophone","Saxophone_914df865.wav"
"Saxophone","Saxophone_918d0d06.wav"
"Saxophone","Saxophone_953073cc.wav"
"Saxophone","Saxophone_96dad435.wav"
"Saxophone","Saxophone_990e6fc3.wav"
"Saxophone","Saxophone_993420a6.wav"
"Saxophone","Saxophone_99411449.wav"
"Saxophone","Saxophone_99bbe4d1.wav"
"Saxophone","Saxophone_9c0838c1.wav"
"Saxophone","Saxophone_9c27892f.wav"
"Saxophone","Saxophone_9cd05a2b.wav"
"Saxophone","Saxophone_9ced37af.wav"
"Saxophone","Saxophone_9fafd09e.wav"
"Saxophone","Saxophone_a0d273d0.wav"
"Saxophone","Saxophone_a16cc0fc.wav"
"Saxophone","Saxophone_a20aeb44.wav"
"Saxophone","Saxophone_a3484b9f.wav"
"Saxophone","Saxophone_a38815ad.wav"
"Saxophone","Saxophone_a4791802.wav"
"Saxophone","Saxophone_a56c5e8e.wav"
"Saxophone","Saxophone_a57ebb7c.wav"
"Saxophone","Saxophone_a6420b34.wav"
"Saxophone","Saxophone_a7ad0909.wav"
"Saxophone","Saxophone_a7b12bf3.wav"
"Saxophone","Saxophone_a8b67798.wav"
"Saxophone","Saxophone_aa093cc6.wav"
"Saxophone","Saxophone_aa909ac6.wav"
"Saxophone","Saxophone_ab465bf9.wav"
"Saxophone","Saxophone_ac097834.wav"
"Saxophone","Saxophone_aca975c3.wav"
"Saxophone","Saxophone_acc419e6.wav"
"Saxophone","Saxophone_b03097d6.wav"
"Saxophone","Saxophone_b120dc90.wav"
"Saxophone","Saxophone_b35b2952.wav"
"Saxophone","Saxophone_b5e11334.wav"
"Saxophone","Saxophone_b5e34de8.wav"
"Saxophone","Saxophone_b60ff4ea.wav"
"Saxophone","Saxophone_b665434e.wav"
"Saxophone","Saxophone_b6b58ee3.wav"
"Saxophone","Saxophone_b78197b6.wav"
"Saxophone","Saxophone_b83049f4.wav"
"Saxophone","Saxophone_b87fd978.wav"
"Saxophone","Saxophone_b93d6988.wav"
"Saxophone","Saxophone_bce5ed32.wav"
"Saxophone","Saxophone_bd5bcdfa.wav"
"Saxophone","Saxophone_be6c0570.wav"
"Saxophone","Saxophone_be8bf725.wav"
"Saxophone","Saxophone_beb0de1c.wav"
"Saxophone","Saxophone_c1948f24.wav"
"Saxophone","Saxophone_c1c3c8b9.wav"
"Saxophone","Saxophone_c1f18487.wav"
"Saxophone","Saxophone_c2c5173a.wav"
"Saxophone","Saxophone_c402456b.wav"
"Saxophone","Saxophone_c40632d7.wav"
"Saxophone","Saxophone_c424d929.wav"
"Saxophone","Saxophone_c644852c.wav"
"Saxophone","Saxophone_c66094de.wav"
"Saxophone","Saxophone_c685f05f.wav"
"Saxophone","Saxophone_c7282ede.wav"
"Saxophone","Saxophone_c8bb8a34.wav"
"Saxophone","Saxophone_c8faa3e3.wav"
"Saxophone","Saxophone_cbbe9476.wav"
"Saxophone","Saxophone_cbecbb18.wav"
"Saxophone","Saxophone_cd939e21.wav"
"Saxophone","Saxophone_cf09ca4f.wav"
"Saxophone","Saxophone_d1c0cab6.wav"
"Saxophone","Saxophone_d2d076a3.wav"
"Saxophone","Saxophone_d56d9904.wav"
"Saxophone","Saxophone_d61ab790.wav"
"Saxophone","Saxophone_d6665734.wav"
"Saxophone","Saxophone_d668e7f7.wav"
"Saxophone","Saxophone_d6691f17.wav"
"Saxophone","Saxophone_d68ab424.wav"
"Saxophone","Saxophone_d94c94f0.wav"
"Saxophone","Saxophone_dba6817d.wav"
"Saxophone","Saxophone_dc7e791d.wav"
"Saxophone","Saxophone_dcc21853.wav"
"Saxophone","Saxophone_dcd37383.wav"
"Saxophone","Saxophone_de487b53.wav"
"Saxophone","Saxophone_de77f91e.wav"
"Saxophone","Saxophone_de941b74.wav"
"Saxophone","Saxophone_e2cf6d59.wav"
"Saxophone","Saxophone_e35c9a8a.wav"
"Saxophone","Saxophone_e5a36c3c.wav"
"Saxophone","Saxophone_e8ee43a1.wav"
"Saxophone","Saxophone_ea5bd9ac.wav"
"Saxophone","Saxophone_ec647286.wav"
"Saxophone","Saxophone_ec6afeb6.wav"
"Saxophone","Saxophone_ed5caa7c.wav"
"Saxophone","Saxophone_ef04f00d.wav"
"Saxophone","Saxophone_f01abfa9.wav"
"Saxophone","Saxophone_f184970b.wav"
"Saxophone","Saxophone_f2c0cb1a.wav"
"Saxophone","Saxophone_f37b69e6.wav"
"Saxophone","Saxophone_f3ad4270.wav"
"Saxophone","Saxophone_f453d35f.wav"
"Saxophone","Saxophone_f52e7d48.wav"
"Saxophone","Saxophone_f6037c59.wav"
"Saxophone","Saxophone_f63d9273.wav"
"Saxophone","Saxophone_f87e8fb1.wav"
"Saxophone","Saxophone_f8d96888.wav"
"Saxophone","Saxophone_f991a90c.wav"
"Saxophone","Saxophone_fa653b7a.wav"
"Saxophone","Saxophone_fa722117.wav"
"Saxophone","Saxophone_fd16747a.wav"
"Saxophone","Saxophone_fe136f34.wav"
"Saxophone","Saxophone_ff038671.wav"
"Saxophone","Saxophone_ff0c153b.wav"
"Saxophone","Saxophone_ff12dece.wav"
"Squeak","Squeak_01235a12.wav"
"Squeak","Squeak_013264d3.wav"
"Squeak","Squeak_02267a1a.wav"
"Squeak","Squeak_03734652.wav"
"Squeak","Squeak_0459f90f.wav"
"Squeak","Squeak_05c5ab94.wav"
"Squeak","Squeak_0742098b.wav"
"Squeak","Squeak_074e07a5.wav"
"Squeak","Squeak_076b6a7a.wav"
"Squeak","Squeak_07a177eb.wav"
"Squeak","Squeak_099ce615.wav"
"Squeak","Squeak_0b489adc.wav"
"Squeak","Squeak_0be0fbaa.wav"
"Squeak","Squeak_1191d9b4.wav"
"Squeak","Squeak_14225f23.wav"
"Squeak","Squeak_1498eb6e.wav"
"Squeak","Squeak_16965258.wav"
"Squeak","Squeak_18b06a2b.wav"
"Squeak","Squeak_1c67a5b9.wav"
"Squeak","Squeak_1d2808dd.wav"
"Squeak","Squeak_1d85524c.wav"
"Squeak","Squeak_1e15cc3b.wav"
"Squeak","Squeak_1e3b4f4a.wav"
"Squeak","Squeak_1f44f184.wav"
"Squeak","Squeak_1ff0766e.wav"
"Squeak","Squeak_20823bfb.wav"
"Squeak","Squeak_20fb2252.wav"
"Squeak","Squeak_217a8204.wav"
"Squeak","Squeak_228aeadf.wav"
"Squeak","Squeak_234f4672.wav"
"Squeak","Squeak_236648d4.wav"
"Squeak","Squeak_237b9e2a.wav"
"Squeak","Squeak_24dfdfa5.wav"
"Squeak","Squeak_26a82af2.wav"
"Squeak","Squeak_26f011fb.wav"
"Squeak","Squeak_275f51c0.wav"
"Squeak","Squeak_2903714d.wav"
"Squeak","Squeak_2934fa44.wav"
"Squeak","Squeak_2953359d.wav"
"Squeak","Squeak_29a57707.wav"
"Squeak","Squeak_2b8fe91f.wav"
"Squeak","Squeak_2c3d4bb8.wav"
"Squeak","Squeak_2ced5885.wav"
"Squeak","Squeak_2dac4861.wav"
"Squeak","Squeak_2db1505d.wav"
"Squeak","Squeak_30225694.wav"
"Squeak","Squeak_30b5847a.wav"
"Squeak","Squeak_3105911a.wav"
"Squeak","Squeak_339b8f81.wav"
"Squeak","Squeak_33b2e95e.wav"
"Squeak","Squeak_35271da5.wav"
"Squeak","Squeak_35fb9b2e.wav"
"Squeak","Squeak_361230e1.wav"
"Squeak","Squeak_36b3f8ec.wav"
"Squeak","Squeak_372340eb.wav"
"Squeak","Squeak_37fb0c92.wav"
"Squeak","Squeak_3835cfbd.wav"
"Squeak","Squeak_383de66f.wav"
"Squeak","Squeak_3882165a.wav"
"Squeak","Squeak_3b060741.wav"
"Squeak","Squeak_3bd11bdc.wav"
"Squeak","Squeak_3bd38b39.wav"
"Squeak","Squeak_3c893bd5.wav"
"Squeak","Squeak_3cb083af.wav"
"Squeak","Squeak_4038f93c.wav"
"Squeak","Squeak_403e04cb.wav"
"Squeak","Squeak_40d61e46.wav"
"Squeak","Squeak_41f09672.wav"
"Squeak","Squeak_42498815.wav"
"Squeak","Squeak_428ed21a.wav"
"Squeak","Squeak_436dea8c.wav"
"Squeak","Squeak_4551f231.wav"
"Squeak","Squeak_45a8823e.wav"
"Squeak","Squeak_4713dac4.wav"
"Squeak","Squeak_47d378be.wav"
"Squeak","Squeak_487854ea.wav"
"Squeak","Squeak_4893a0fa.wav"
"Squeak","Squeak_48b67c44.wav"
"Squeak","Squeak_49498a6d.wav"
"Squeak","Squeak_49ba2701.wav"
"Squeak","Squeak_4b142f94.wav"
"Squeak","Squeak_4c614dff.wav"
"Squeak","Squeak_4c73ecd4.wav"
"Squeak","Squeak_4ca18eea.wav"
"Squeak","Squeak_4dad3b5f.wav"
"Squeak","Squeak_4e249374.wav"
"Squeak","Squeak_4ea11a81.wav"
"Squeak","Squeak_4edb4195.wav"
"Squeak","Squeak_4ff4dceb.wav"
"Squeak","Squeak_51a51d9d.wav"
"Squeak","Squeak_52b61c21.wav"
"Squeak","Squeak_54679e2a.wav"
"Squeak","Squeak_59ca9d6b.wav"
"Squeak","Squeak_5b46302b.wav"
"Squeak","Squeak_5b8e2fa4.wav"
"Squeak","Squeak_5c967cf2.wav"
"Squeak","Squeak_5d946c59.wav"
"Squeak","Squeak_5ebdb1a8.wav"
"Squeak","Squeak_5f886a73.wav"
"Squeak","Squeak_62c04b69.wav"
"Squeak","Squeak_633534a5.wav"
"Squeak","Squeak_645853ad.wav"
"Squeak","Squeak_6501ec3b.wav"
"Squeak","Squeak_6596a6d0.wav"
"Squeak","Squeak_670b77c7.wav"
"Squeak","Squeak_686a78bf.wav"
"Squeak","Squeak_6876f41e.wav"
"Squeak","Squeak_68942258.wav"
"Squeak","Squeak_6b3dd35c.wav"
"Squeak","Squeak_6b76a217.wav"
"Squeak","Squeak_6bda61dd.wav"
"Squeak","Squeak_6bea98c9.wav"
"Squeak","Squeak_6eeb7d48.wav"
"Squeak","Squeak_6f39be3e.wav"
"Squeak","Squeak_72e71cd4.wav"
"Squeak","Squeak_73cb3e54.wav"
"Squeak","Squeak_7453efda.wav"
"Squeak","Squeak_74b45f05.wav"
"Squeak","Squeak_74ba98dd.wav"
"Squeak","Squeak_75007bd2.wav"
"Squeak","Squeak_779b0487.wav"
"Squeak","Squeak_79cbc8f6.wav"
"Squeak","Squeak_7a23dada.wav"
"Squeak","Squeak_7a8cd995.wav"
"Squeak","Squeak_7abf4794.wav"
"Squeak","Squeak_7b3bc373.wav"
"Squeak","Squeak_7c611dd7.wav"
"Squeak","Squeak_7d2e257c.wav"
"Squeak","Squeak_7e416203.wav"
"Squeak","Squeak_7eda47a4.wav"
"Squeak","Squeak_8055c0ec.wav"
"Squeak","Squeak_8068797e.wav"
"Squeak","Squeak_81f0d826.wav"
"Squeak","Squeak_8226f95f.wav"
"Squeak","Squeak_837d1343.wav"
"Squeak","Squeak_84ac80e6.wav"
"Squeak","Squeak_85470ae2.wav"
"Squeak","Squeak_85cbd616.wav"
"Squeak","Squeak_8603a913.wav"
"Squeak","Squeak_87fc3b03.wav"
"Squeak","Squeak_894fd536.wav"
"Squeak","Squeak_8bd07e1d.wav"
"Squeak","Squeak_8da48ff3.wav"
"Squeak","Squeak_8e61b0a5.wav"
"Squeak","Squeak_91dded5f.wav"
"Squeak","Squeak_91f1da02.wav"
"Squeak","Squeak_9257a715.wav"
"Squeak","Squeak_925de4db.wav"
"Squeak","Squeak_9310ee5e.wav"
"Squeak","Squeak_94652861.wav"
"Squeak","Squeak_958104a1.wav"
"Squeak","Squeak_9653d9d2.wav"
"Squeak","Squeak_973bef4c.wav"
"Squeak","Squeak_981567ee.wav"
"Squeak","Squeak_9a7dd5c0.wav"
"Squeak","Squeak_9a9edc17.wav"
"Squeak","Squeak_9da365ac.wav"
"Squeak","Squeak_9e0acbfd.wav"
"Squeak","Squeak_9f33e1fe.wav"
"Squeak","Squeak_a18271d0.wav"
"Squeak","Squeak_a18d0bd5.wav"
"Squeak","Squeak_a2415e65.wav"
"Squeak","Squeak_a2d66bee.wav"
"Squeak","Squeak_a3117d4b.wav"
"Squeak","Squeak_a48e9dbe.wav"
"Squeak","Squeak_a52be763.wav"
"Squeak","Squeak_a5a68a8c.wav"
"Squeak","Squeak_a64b1168.wav"
"Squeak","Squeak_a80695cf.wav"
"Squeak","Squeak_aa217bd4.wav"
"Squeak","Squeak_ac747df0.wav"
"Squeak","Squeak_acf98333.wav"
"Squeak","Squeak_ad0436f7.wav"
"Squeak","Squeak_ae5b8b4b.wav"
"Squeak","Squeak_aebf610f.wav"
"Squeak","Squeak_af3c04ec.wav"
"Squeak","Squeak_b02a1669.wav"
"Squeak","Squeak_b0748ed2.wav"
"Squeak","Squeak_b0a4f56d.wav"
"Squeak","Squeak_b0d481d3.wav"
"Squeak","Squeak_b5045ae9.wav"
"Squeak","Squeak_b6a4fbb6.wav"
"Squeak","Squeak_b8409ef7.wav"
"Squeak","Squeak_b918b2c0.wav"
"Squeak","Squeak_ba6a02e0.wav"
"Squeak","Squeak_ba9742d0.wav"
"Squeak","Squeak_baa00aa2.wav"
"Squeak","Squeak_bb671cfd.wav"
"Squeak","Squeak_bb8fce44.wav"
"Squeak","Squeak_bd2c737e.wav"
"Squeak","Squeak_bdc2a7ff.wav"
"Squeak","Squeak_be8a4182.wav"
"Squeak","Squeak_bed02fc2.wav"
"Squeak","Squeak_befdc449.wav"
"Squeak","Squeak_bf025873.wav"
"Squeak","Squeak_bf644d3f.wav"
"Squeak","Squeak_c028d264.wav"
"Squeak","Squeak_c076bb26.wav"
"Squeak","Squeak_c0b59441.wav"
"Squeak","Squeak_c0b8fee9.wav"
"Squeak","Squeak_c19bdbf5.wav"
"Squeak","Squeak_c1e58e84.wav"
"Squeak","Squeak_c25fe378.wav"
"Squeak","Squeak_c2c65dcb.wav"
"Squeak","Squeak_c300588d.wav"
"Squeak","Squeak_c30824be.wav"
"Squeak","Squeak_c375187b.wav"
"Squeak","Squeak_c46b9a3d.wav"
"Squeak","Squeak_c4f6e875.wav"
"Squeak","Squeak_c8ada51c.wav"
"Squeak","Squeak_c92935b8.wav"
"Squeak","Squeak_c933df10.wav"
"Squeak","Squeak_c9a63f2f.wav"
"Squeak","Squeak_c9b56a0c.wav"
"Squeak","Squeak_ca9c7be0.wav"
"Squeak","Squeak_cc28fbb1.wav"
"Squeak","Squeak_cd4aad88.wav"
"Squeak","Squeak_cdb6a7a9.wav"
"Squeak","Squeak_ce7ade77.wav"
"Squeak","Squeak_ce8d1378.wav"
"Squeak","Squeak_d02be75c.wav"
"Squeak","Squeak_d116cdc6.wav"
"Squeak","Squeak_d125ceaf.wav"
"Squeak","Squeak_d2f9002c.wav"
"Squeak","Squeak_d38a14db.wav"
"Squeak","Squeak_d527a5d0.wav"
"Squeak","Squeak_d76bdc15.wav"
"Squeak","Squeak_d7d8c724.wav"
"Squeak","Squeak_d83e42ae.wav"
"Squeak","Squeak_d85204b3.wav"
"Squeak","Squeak_dc2781f3.wav"
"Squeak","Squeak_dd659f2a.wav"
"Squeak","Squeak_dec9284d.wav"
"Squeak","Squeak_deed8070.wav"
"Squeak","Squeak_df0bd83e.wav"
"Squeak","Squeak_df1d37f9.wav"
"Squeak","Squeak_df9e6042.wav"
"Squeak","Squeak_e00d4ff7.wav"
"Squeak","Squeak_e00ede63.wav"
"Squeak","Squeak_e128049a.wav"
"Squeak","Squeak_e128a8bd.wav"
"Squeak","Squeak_e1a612af.wav"
"Squeak","Squeak_e25720bc.wav"
"Squeak","Squeak_e2ff36fc.wav"
"Squeak","Squeak_e312259e.wav"
"Squeak","Squeak_e38a54df.wav"
"Squeak","Squeak_e4213237.wav"
"Squeak","Squeak_e4ad6fcb.wav"
"Squeak","Squeak_e5e26b77.wav"
"Squeak","Squeak_e5eaca98.wav"
"Squeak","Squeak_e7c0fbb1.wav"
"Squeak","Squeak_e7c29db8.wav"
"Squeak","Squeak_e7faa8f2.wav"
"Squeak","Squeak_e819052d.wav"
"Squeak","Squeak_e87f8984.wav"
"Squeak","Squeak_ec0c872c.wav"
"Squeak","Squeak_eeeb8765.wav"
"Squeak","Squeak_f0b1afe7.wav"
"Squeak","Squeak_f0e34f4c.wav"
"Squeak","Squeak_f142df15.wav"
"Squeak","Squeak_f2517f57.wav"
"Squeak","Squeak_f2c3bb6f.wav"
"Squeak","Squeak_f4500005.wav"
"Squeak","Squeak_f52e0659.wav"
"Squeak","Squeak_f5767d34.wav"
"Squeak","Squeak_f61d3c84.wav"
"Squeak","Squeak_f68d9442.wav"
"Squeak","Squeak_fa3a3fea.wav"
"Squeak","Squeak_fb879082.wav"
"Squeak","Squeak_fc4fcb43.wav"
"Squeak","Squeak_fcff977f.wav"
"Squeak","Squeak_ff24117e.wav"
"Tearing","Tearing_00c5808a.wav"
"Tearing","Tearing_01ec7a01.wav"
"Tearing","Tearing_02c095b4.wav"
"Tearing","Tearing_04281949.wav"
"Tearing","Tearing_07762f74.wav"
"Tearing","Tearing_0920512f.wav"
"Tearing","Tearing_0a82b4d6.wav"
"Tearing","Tearing_0bf505c1.wav"
"Tearing","Tearing_0c7eb4eb.wav"
"Tearing","Tearing_0e5cab29.wav"
"Tearing","Tearing_0f01e836.wav"
"Tearing","Tearing_0f23d7e4.wav"
"Tearing","Tearing_0f96c40d.wav"
"Tearing","Tearing_14c476ad.wav"
"Tearing","Tearing_1539c925.wav"
"Tearing","Tearing_159ea1c3.wav"
"Tearing","Tearing_15b439e3.wav"
"Tearing","Tearing_163ecf39.wav"
"Tearing","Tearing_18ee96a7.wav"
"Tearing","Tearing_193240a4.wav"
"Tearing","Tearing_19bf4be6.wav"
"Tearing","Tearing_19df8c61.wav"
"Tearing","Tearing_19fe82be.wav"
"Tearing","Tearing_1db1b17c.wav"
"Tearing","Tearing_1fd57590.wav"
"Tearing","Tearing_20498124.wav"
"Tearing","Tearing_2097b6c7.wav"
"Tearing","Tearing_21428eac.wav"
"Tearing","Tearing_2232ce13.wav"
"Tearing","Tearing_2249b436.wav"
"Tearing","Tearing_22ae7fbf.wav"
"Tearing","Tearing_24b90fac.wav"
"Tearing","Tearing_26ee3a88.wav"
"Tearing","Tearing_27d3b396.wav"
"Tearing","Tearing_2bfa9616.wav"
"Tearing","Tearing_2c264a9c.wav"
"Tearing","Tearing_2c7de292.wav"
"Tearing","Tearing_2cc24acc.wav"
"Tearing","Tearing_2f22d8b0.wav"
"Tearing","Tearing_3152ea60.wav"
"Tearing","Tearing_315b2236.wav"
"Tearing","Tearing_319d145b.wav"
"Tearing","Tearing_3226ede7.wav"
"Tearing","Tearing_33d1cc84.wav"
"Tearing","Tearing_34f10443.wav"
"Tearing","Tearing_354bd271.wav"
"Tearing","Tearing_35950597.wav"
"Tearing","Tearing_35f2639c.wav"
"Tearing","Tearing_3769aa70.wav"
"Tearing","Tearing_3a2e4d2e.wav"
"Tearing","Tearing_3beb7086.wav"
"Tearing","Tearing_3c4762d7.wav"
"Tearing","Tearing_3d7507e9.wav"
"Tearing","Tearing_3e23db4c.wav"
"Tearing","Tearing_3e351b36.wav"
"Tearing","Tearing_3e7c0c48.wav"
"Tearing","Tearing_3ed699d0.wav"
"Tearing","Tearing_4064c354.wav"
"Tearing","Tearing_421865a6.wav"
"Tearing","Tearing_42e5efeb.wav"
"Tearing","Tearing_431285df.wav"
"Tearing","Tearing_43c12681.wav"
"Tearing","Tearing_4412da08.wav"
"Tearing","Tearing_4517a4af.wav"
"Tearing","Tearing_4601c0f2.wav"
"Tearing","Tearing_460d7b62.wav"
"Tearing","Tearing_461c6cd1.wav"
"Tearing","Tearing_46772c0d.wav"
"Tearing","Tearing_469e4ebe.wav"
"Tearing","Tearing_481f5a64.wav"
"Tearing","Tearing_49e83eee.wav"
"Tearing","Tearing_4a5e1f74.wav"
"Tearing","Tearing_4a7cd04a.wav"
"Tearing","Tearing_4acda322.wav"
"Tearing","Tearing_4aeb611b.wav"
"Tearing","Tearing_4b2d5441.wav"
"Tearing","Tearing_4b606159.wav"
"Tearing","Tearing_4bb33e00.wav"
"Tearing","Tearing_4d416fe0.wav"
"Tearing","Tearing_4e1af22c.wav"
"Tearing","Tearing_4e260295.wav"
"Tearing","Tearing_4e4b9381.wav"
"Tearing","Tearing_4efc103c.wav"
"Tearing","Tearing_500c144a.wav"
"Tearing","Tearing_50af697c.wav"
"Tearing","Tearing_50d7bcd2.wav"
"Tearing","Tearing_514a974d.wav"
"Tearing","Tearing_51f845a4.wav"
"Tearing","Tearing_529c6ded.wav"
"Tearing","Tearing_52aceab1.wav"
"Tearing","Tearing_53b99f13.wav"
"Tearing","Tearing_541793d3.wav"
"Tearing","Tearing_5467ecb4.wav"
"Tearing","Tearing_546d1aa8.wav"
"Tearing","Tearing_54db602f.wav"
"Tearing","Tearing_5560b9c0.wav"
"Tearing","Tearing_557475a3.wav"
"Tearing","Tearing_56bfa515.wav"
"Tearing","Tearing_5868ef95.wav"
"Tearing","Tearing_58d5cc06.wav"
"Tearing","Tearing_58e7e580.wav"
"Tearing","Tearing_5966612f.wav"
"Tearing","Tearing_5bbb4e42.wav"
"Tearing","Tearing_5c92ea4b.wav"
"Tearing","Tearing_5d8e2712.wav"
"Tearing","Tearing_602f68bf.wav"
"Tearing","Tearing_61618791.wav"
"Tearing","Tearing_638ec6c8.wav"
"Tearing","Tearing_63d9a8eb.wav"
"Tearing","Tearing_651940b3.wav"
"Tearing","Tearing_65cf904e.wav"
"Tearing","Tearing_6625eab7.wav"
"Tearing","Tearing_6760fd6d.wav"
"Tearing","Tearing_689af02b.wav"
"Tearing","Tearing_69a6c4a9.wav"
"Tearing","Tearing_69fe3102.wav"
"Tearing","Tearing_6aa2fe1a.wav"
"Tearing","Tearing_6ace943d.wav"
"Tearing","Tearing_6baf07c8.wav"
"Tearing","Tearing_6be65e35.wav"
"Tearing","Tearing_6c053100.wav"
"Tearing","Tearing_6f6e15ce.wav"
"Tearing","Tearing_6fab1f61.wav"
"Tearing","Tearing_71686d95.wav"
"Tearing","Tearing_733812ee.wav"
"Tearing","Tearing_751032c2.wav"
"Tearing","Tearing_76809014.wav"
"Tearing","Tearing_788d34f0.wav"
"Tearing","Tearing_7936731d.wav"
"Tearing","Tearing_7a3f81e2.wav"
"Tearing","Tearing_7a47fd86.wav"
"Tearing","Tearing_7ba87647.wav"
"Tearing","Tearing_7bbc5503.wav"
"Tearing","Tearing_7df9bc8d.wav"
"Tearing","Tearing_7fd7030d.wav"
"Tearing","Tearing_80536499.wav"
"Tearing","Tearing_80b495a8.wav"
"Tearing","Tearing_810015c2.wav"
"Tearing","Tearing_81345b23.wav"
"Tearing","Tearing_825d767e.wav"
"Tearing","Tearing_8343332e.wav"
"Tearing","Tearing_84298f51.wav"
"Tearing","Tearing_84c51120.wav"
"Tearing","Tearing_8545f769.wav"
"Tearing","Tearing_87f61fc5.wav"
"Tearing","Tearing_8861d942.wav"
"Tearing","Tearing_886f3b89.wav"
"Tearing","Tearing_89a645fe.wav"
"Tearing","Tearing_8a13412a.wav"
"Tearing","Tearing_8bd786e4.wav"
"Tearing","Tearing_8c3c2bee.wav"
"Tearing","Tearing_8d1c02e7.wav"
"Tearing","Tearing_8d3a58d0.wav"
"Tearing","Tearing_8f02b1f2.wav"
"Tearing","Tearing_91293e97.wav"
"Tearing","Tearing_92302987.wav"
"Tearing","Tearing_92985f1d.wav"
"Tearing","Tearing_9299a3f6.wav"
"Tearing","Tearing_96d2ea0b.wav"
"Tearing","Tearing_9b35a012.wav"
"Tearing","Tearing_9b3dfe43.wav"
"Tearing","Tearing_9b51a5b5.wav"
"Tearing","Tearing_9bd2ef2e.wav"
"Tearing","Tearing_9d04b931.wav"
"Tearing","Tearing_a0099bc5.wav"
"Tearing","Tearing_a064e93f.wav"
"Tearing","Tearing_a1d3c139.wav"
"Tearing","Tearing_a1d5a86b.wav"
"Tearing","Tearing_a1f6ca4f.wav"
"Tearing","Tearing_a23522e9.wav"
"Tearing","Tearing_a245fe0e.wav"
"Tearing","Tearing_a50b86f7.wav"
"Tearing","Tearing_a50be6d7.wav"
"Tearing","Tearing_a71be505.wav"
"Tearing","Tearing_a7461213.wav"
"Tearing","Tearing_a7fa6021.wav"
"Tearing","Tearing_a8639592.wav"
"Tearing","Tearing_a87b41ad.wav"
"Tearing","Tearing_a940d6a8.wav"
"Tearing","Tearing_a95e1a08.wav"
"Tearing","Tearing_ab1279e3.wav"
"Tearing","Tearing_aba09cf2.wav"
"Tearing","Tearing_abeb16ee.wav"
"Tearing","Tearing_accdf31f.wav"
"Tearing","Tearing_af24f6eb.wav"
"Tearing","Tearing_b1085f23.wav"
"Tearing","Tearing_b1128ed8.wav"
"Tearing","Tearing_b1f1177a.wav"
"Tearing","Tearing_b2cc1d8b.wav"
"Tearing","Tearing_b50ab416.wav"
"Tearing","Tearing_b53e4764.wav"
"Tearing","Tearing_b64682d6.wav"
"Tearing","Tearing_b8b93d01.wav"
"Tearing","Tearing_b91f95e0.wav"
"Tearing","Tearing_ba8cd72b.wav"
"Tearing","Tearing_bae1ab29.wav"
"Tearing","Tearing_bb1997bb.wav"
"Tearing","Tearing_bcf58bc2.wav"
"Tearing","Tearing_c12e9d1b.wav"
"Tearing","Tearing_c5ed3023.wav"
"Tearing","Tearing_c6eaf2d1.wav"
"Tearing","Tearing_c828ee9f.wav"
"Tearing","Tearing_c8382d8f.wav"
"Tearing","Tearing_c85c0e61.wav"
"Tearing","Tearing_c8727e85.wav"
"Tearing","Tearing_c891d213.wav"
"Tearing","Tearing_c8b7e3e0.wav"
"Tearing","Tearing_ca5ea716.wav"
"Tearing","Tearing_cba5a930.wav"
"Tearing","Tearing_cbdc3764.wav"
"Tearing","Tearing_cc2464dc.wav"
"Tearing","Tearing_cd3c8232.wav"
"Tearing","Tearing_cdccd612.wav"
"Tearing","Tearing_cdeb29af.wav"
"Tearing","Tearing_cec00eea.wav"
"Tearing","Tearing_cfb2c5ee.wav"
"Tearing","Tearing_d129068b.wav"
"Tearing","Tearing_d148641c.wav"
"Tearing","Tearing_d1549d55.wav"
"Tearing","Tearing_d1794b39.wav"
"Tearing","Tearing_d19a0f85.wav"
"Tearing","Tearing_d2490458.wav"
"Tearing","Tearing_d342518b.wav"
"Tearing","Tearing_d451b648.wav"
"Tearing","Tearing_d4a43916.wav"
"Tearing","Tearing_d4f2665e.wav"
"Tearing","Tearing_d6d11418.wav"
"Tearing","Tearing_d7d8b12a.wav"
"Tearing","Tearing_d88efdeb.wav"
"Tearing","Tearing_d9167087.wav"
"Tearing","Tearing_d9c103a6.wav"
"Tearing","Tearing_d9e018d1.wav"
"Tearing","Tearing_dc57b564.wav"
"Tearing","Tearing_de361d49.wav"
"Tearing","Tearing_de7c3c9d.wav"
"Tearing","Tearing_dfce618e.wav"
"Tearing","Tearing_e0d21768.wav"
"Tearing","Tearing_e1d91dfc.wav"
"Tearing","Tearing_e200505f.wav"
"Tearing","Tearing_e39f888d.wav"
"Tearing","Tearing_e45759ea.wav"
"Tearing","Tearing_e49e942e.wav"
"Tearing","Tearing_e50d2535.wav"
"Tearing","Tearing_e515db08.wav"
"Tearing","Tearing_e66c4b82.wav"
"Tearing","Tearing_e7204691.wav"
"Tearing","Tearing_e8068353.wav"
"Tearing","Tearing_e8952741.wav"
"Tearing","Tearing_e907f461.wav"
"Tearing","Tearing_e991477f.wav"
"Tearing","Tearing_e9bf7b16.wav"
"Tearing","Tearing_e9d8e37d.wav"
"Tearing","Tearing_ea43777d.wav"
"Tearing","Tearing_ead3dd15.wav"
"Tearing","Tearing_ebd3c782.wav"
"Tearing","Tearing_ed1dcb6d.wav"
"Tearing","Tearing_ed97defe.wav"
"Tearing","Tearing_ed9b8736.wav"
"Tearing","Tearing_ee601f65.wav"
"Tearing","Tearing_ef58d42c.wav"
"Tearing","Tearing_f0bf7f04.wav"
"Tearing","Tearing_f1062ecf.wav"
"Tearing","Tearing_f1839e9f.wav"
"Tearing","Tearing_f449fdac.wav"
"Tearing","Tearing_f6951d7e.wav"
"Tearing","Tearing_f69a21d2.wav"
"Tearing","Tearing_f829e946.wav"
"Tearing","Tearing_f8870972.wav"
"Tearing","Tearing_f98eda2f.wav"
"Tearing","Tearing_fb663e2b.wav"
"Tearing","Tearing_fb7f8d1a.wav"
"Tearing","Tearing_fecbc85a.wav"
"Tearing","Tearing_ffa61f00.wav"
"Trumpet","Trumpet_002d256b.wav"
"Trumpet","Trumpet_034e4ffa.wav"
"Trumpet","Trumpet_03e13ae7.wav"
"Trumpet","Trumpet_04335030.wav"
"Trumpet","Trumpet_04562f7d.wav"
"Trumpet","Trumpet_05d54a68.wav"
"Trumpet","Trumpet_060e13d6.wav"
"Trumpet","Trumpet_061cf689.wav"
"Trumpet","Trumpet_06730f97.wav"
"Trumpet","Trumpet_06896eb5.wav"
"Trumpet","Trumpet_07211dfa.wav"
"Trumpet","Trumpet_0832c151.wav"
"Trumpet","Trumpet_09ea5276.wav"
"Trumpet","Trumpet_0d30af2b.wav"
"Trumpet","Trumpet_0d649d1b.wav"
"Trumpet","Trumpet_0e32c361.wav"
"Trumpet","Trumpet_0ee42262.wav"
"Trumpet","Trumpet_106f028c.wav"
"Trumpet","Trumpet_10876da8.wav"
"Trumpet","Trumpet_108f96a6.wav"
"Trumpet","Trumpet_1105950d.wav"
"Trumpet","Trumpet_117e4577.wav"
"Trumpet","Trumpet_12cb4097.wav"
"Trumpet","Trumpet_12d4ec7c.wav"
"Trumpet","Trumpet_1356f987.wav"
"Trumpet","Trumpet_14684ee8.wav"
"Trumpet","Trumpet_1468f23e.wav"
"Trumpet","Trumpet_1545dcf4.wav"
"Trumpet","Trumpet_1651cca4.wav"
"Trumpet","Trumpet_16d7ab94.wav"
"Trumpet","Trumpet_17cbf99c.wav"
"Trumpet","Trumpet_180cd1d7.wav"
"Trumpet","Trumpet_1902bf23.wav"
"Trumpet","Trumpet_1a13793b.wav"
"Trumpet","Trumpet_1a8cc87a.wav"
"Trumpet","Trumpet_1aa9698c.wav"
"Trumpet","Trumpet_1aae0429.wav"
"Trumpet","Trumpet_1b8de5c7.wav"
"Trumpet","Trumpet_1bc55c17.wav"
"Trumpet","Trumpet_1c8cddc2.wav"
"Trumpet","Trumpet_1ca0bd2f.wav"
"Trumpet","Trumpet_1eb9d116.wav"
"Trumpet","Trumpet_1f00f903.wav"
"Trumpet","Trumpet_1f54df61.wav"
"Trumpet","Trumpet_2070133c.wav"
"Trumpet","Trumpet_21aa921b.wav"
"Trumpet","Trumpet_2274dbf5.wav"
"Trumpet","Trumpet_22bcfd62.wav"
"Trumpet","Trumpet_25f4273e.wav"
"Trumpet","Trumpet_2634b73c.wav"
"Trumpet","Trumpet_2719a268.wav"
"Trumpet","Trumpet_280f761e.wav"
"Trumpet","Trumpet_287c38ed.wav"
"Trumpet","Trumpet_28bf1f65.wav"
"Trumpet","Trumpet_2a682d6b.wav"
"Trumpet","Trumpet_2aafe190.wav"
"Trumpet","Trumpet_2c1f9f7a.wav"
"Trumpet","Trumpet_2c4018ad.wav"
"Trumpet","Trumpet_2c42b48b.wav"
"Trumpet","Trumpet_2d1c5686.wav"
"Trumpet","Trumpet_2dad641c.wav"
"Trumpet","Trumpet_2e97a149.wav"
"Trumpet","Trumpet_2f4f25e0.wav"
"Trumpet","Trumpet_301168d8.wav"
"Trumpet","Trumpet_3155f097.wav"
"Trumpet","Trumpet_31f474d5.wav"
"Trumpet","Trumpet_325cf71e.wav"
"Trumpet","Trumpet_35bd35da.wav"
"Trumpet","Trumpet_3640c702.wav"
"Trumpet","Trumpet_36514399.wav"
"Trumpet","Trumpet_365d9809.wav"
"Trumpet","Trumpet_368de55c.wav"
"Trumpet","Trumpet_3934519b.wav"
"Trumpet","Trumpet_3ab854dd.wav"
"Trumpet","Trumpet_3b02b296.wav"
"Trumpet","Trumpet_3b9d580c.wav"
"Trumpet","Trumpet_3bc4f95e.wav"
"Trumpet","Trumpet_3c204254.wav"
"Trumpet","Trumpet_3c4b21ac.wav"
"Trumpet","Trumpet_3cb73c84.wav"
"Trumpet","Trumpet_3d3f2beb.wav"
"Trumpet","Trumpet_3d61daec.wav"
"Trumpet","Trumpet_3de364aa.wav"
"Trumpet","Trumpet_40abcc5e.wav"
"Trumpet","Trumpet_41845450.wav"
"Trumpet","Trumpet_4421fddd.wav"
"Trumpet","Trumpet_44cde481.wav"
"Trumpet","Trumpet_45a8d396.wav"
"Trumpet","Trumpet_47178b5e.wav"
"Trumpet","Trumpet_47c2f061.wav"
"Trumpet","Trumpet_4b17c19e.wav"
"Trumpet","Trumpet_4b1dad12.wav"
"Trumpet","Trumpet_4bd21fae.wav"
"Trumpet","Trumpet_4be963d5.wav"
"Trumpet","Trumpet_4d94495f.wav"
"Trumpet","Trumpet_4df26574.wav"
"Trumpet","Trumpet_4f60abb7.wav"
"Trumpet","Trumpet_5233fe9c.wav"
"Trumpet","Trumpet_52ef7355.wav"
"Trumpet","Trumpet_53fd8788.wav"
"Trumpet","Trumpet_5448e59e.wav"
"Trumpet","Trumpet_54ab7672.wav"
"Trumpet","Trumpet_5503dbff.wav"
"Trumpet","Trumpet_55d60bf0.wav"
"Trumpet","Trumpet_56239e18.wav"
"Trumpet","Trumpet_576a7107.wav"
"Trumpet","Trumpet_5783d462.wav"
"Trumpet","Trumpet_58bb9548.wav"
"Trumpet","Trumpet_5983506e.wav"
"Trumpet","Trumpet_5c166dcf.wav"
"Trumpet","Trumpet_5d21633f.wav"
"Trumpet","Trumpet_5e91ed7e.wav"
"Trumpet","Trumpet_61ccee3e.wav"
"Trumpet","Trumpet_62ccffe4.wav"
"Trumpet","Trumpet_639a04af.wav"
"Trumpet","Trumpet_63bf5647.wav"
"Trumpet","Trumpet_647968c4.wav"
"Trumpet","Trumpet_660a83c4.wav"
"Trumpet","Trumpet_6999255e.wav"
"Trumpet","Trumpet_6a609889.wav"
"Trumpet","Trumpet_6aa1b4f0.wav"
"Trumpet","Trumpet_6abeea59.wav"
"Trumpet","Trumpet_6aff0c16.wav"
"Trumpet","Trumpet_6b31bc93.wav"
"Trumpet","Trumpet_6bfe6671.wav"
"Trumpet","Trumpet_6c3828ac.wav"
"Trumpet","Trumpet_6c7f59a7.wav"
"Trumpet","Trumpet_6c8789de.wav"
"Trumpet","Trumpet_6cbf3518.wav"
"Trumpet","Trumpet_6ce430d2.wav"
"Trumpet","Trumpet_6cfd79c3.wav"
"Trumpet","Trumpet_6d36f4e4.wav"
"Trumpet","Trumpet_707072a1.wav"
"Trumpet","Trumpet_721fade5.wav"
"Trumpet","Trumpet_745bec80.wav"
"Trumpet","Trumpet_746a24c0.wav"
"Trumpet","Trumpet_76087744.wav"
"Trumpet","Trumpet_766ac017.wav"
"Trumpet","Trumpet_773a8550.wav"
"Trumpet","Trumpet_77bf7b4f.wav"
"Trumpet","Trumpet_79b31a2e.wav"
"Trumpet","Trumpet_7a397092.wav"
"Trumpet","Trumpet_7b085710.wav"
"Trumpet","Trumpet_7bc4dab0.wav"
"Trumpet","Trumpet_7e2ca700.wav"
"Trumpet","Trumpet_7ed1b6b8.wav"
"Trumpet","Trumpet_7ee57922.wav"
"Trumpet","Trumpet_7eeb1f03.wav"
"Trumpet","Trumpet_80232152.wav"
"Trumpet","Trumpet_80833995.wav"
"Trumpet","Trumpet_8128d80e.wav"
"Trumpet","Trumpet_816d65da.wav"
"Trumpet","Trumpet_82727fe8.wav"
"Trumpet","Trumpet_843f7c2f.wav"
"Trumpet","Trumpet_84d625e6.wav"
"Trumpet","Trumpet_85395673.wav"
"Trumpet","Trumpet_88507406.wav"
"Trumpet","Trumpet_89d16dbb.wav"
"Trumpet","Trumpet_8b0408b1.wav"
"Trumpet","Trumpet_8b911fb3.wav"
"Trumpet","Trumpet_8bbd48e2.wav"
"Trumpet","Trumpet_8bf73516.wav"
"Trumpet","Trumpet_8c880b2a.wav"
"Trumpet","Trumpet_8cc1f61d.wav"
"Trumpet","Trumpet_8d4a12e6.wav"
"Trumpet","Trumpet_8d742748.wav"
"Trumpet","Trumpet_8dd47439.wav"
"Trumpet","Trumpet_8e718b85.wav"
"Trumpet","Trumpet_8eaa7d44.wav"
"Trumpet","Trumpet_8fefc225.wav"
"Trumpet","Trumpet_90fbd4f8.wav"
"Trumpet","Trumpet_918045e3.wav"
"Trumpet","Trumpet_93b3c709.wav"
"Trumpet","Trumpet_93b534a3.wav"
"Trumpet","Trumpet_940ccc5e.wav"
"Trumpet","Trumpet_94e7df4f.wav"
"Trumpet","Trumpet_9573a033.wav"
"Trumpet","Trumpet_96aae858.wav"
"Trumpet","Trumpet_96f5ac69.wav"
"Trumpet","Trumpet_98a1a3cb.wav"
"Trumpet","Trumpet_9b2c9768.wav"
"Trumpet","Trumpet_9cdbf719.wav"
"Trumpet","Trumpet_9f68e972.wav"
"Trumpet","Trumpet_a28f5232.wav"
"Trumpet","Trumpet_a3090b56.wav"
"Trumpet","Trumpet_a81cd84a.wav"
"Trumpet","Trumpet_a82742c2.wav"
"Trumpet","Trumpet_aafef284.wav"
"Trumpet","Trumpet_ab31992a.wav"
"Trumpet","Trumpet_abb62188.wav"
"Trumpet","Trumpet_aeb5f4ce.wav"
"Trumpet","Trumpet_afadb16e.wav"
"Trumpet","Trumpet_b0d08034.wav"
"Trumpet","Trumpet_b102d8e0.wav"
"Trumpet","Trumpet_b2e7fea5.wav"
"Trumpet","Trumpet_b3e9fccb.wav"
"Trumpet","Trumpet_b3f6f5ed.wav"
"Trumpet","Trumpet_b4e31ccb.wav"
"Trumpet","Trumpet_b4ef7f66.wav"
"Trumpet","Trumpet_b6280ab1.wav"
"Trumpet","Trumpet_b6b9cf46.wav"
"Trumpet","Trumpet_b7b0da80.wav"
"Trumpet","Trumpet_b7bdcf30.wav"
"Trumpet","Trumpet_b9920667.wav"
"Trumpet","Trumpet_b99e2560.wav"
"Trumpet","Trumpet_b9ba9503.wav"
"Trumpet","Trumpet_bac10b23.wav"
"Trumpet","Trumpet_bb12e917.wav"
"Trumpet","Trumpet_bb8bd984.wav"
"Trumpet","Trumpet_bd20583e.wav"
"Trumpet","Trumpet_be1cec35.wav"
"Trumpet","Trumpet_bf84f687.wav"
"Trumpet","Trumpet_c12f0f4d.wav"
"Trumpet","Trumpet_c18d0ef0.wav"
"Trumpet","Trumpet_c3015f33.wav"
"Trumpet","Trumpet_c34853a8.wav"
"Trumpet","Trumpet_c3ef26e5.wav"
"Trumpet","Trumpet_c4743a0b.wav"
"Trumpet","Trumpet_c59aac2e.wav"
"Trumpet","Trumpet_c5e33ef4.wav"
"Trumpet","Trumpet_c5f100e5.wav"
"Trumpet","Trumpet_c5fcc496.wav"
"Trumpet","Trumpet_c64a416b.wav"
"Trumpet","Trumpet_c7cf63eb.wav"
"Trumpet","Trumpet_c7e26358.wav"
"Trumpet","Trumpet_cb1102da.wav"
"Trumpet","Trumpet_cb7d9924.wav"
"Trumpet","Trumpet_cc45fff3.wav"
"Trumpet","Trumpet_ccedb014.wav"
"Trumpet","Trumpet_ccf3fc51.wav"
"Trumpet","Trumpet_ce6149c2.wav"
"Trumpet","Trumpet_cfd0f787.wav"
"Trumpet","Trumpet_d1414783.wav"
"Trumpet","Trumpet_d47d639c.wav"
"Trumpet","Trumpet_d6333945.wav"
"Trumpet","Trumpet_d68bc291.wav"
"Trumpet","Trumpet_d7b32ed3.wav"
"Trumpet","Trumpet_d86a04e4.wav"
"Trumpet","Trumpet_d9ca1741.wav"
"Trumpet","Trumpet_da8d6df0.wav"
"Trumpet","Trumpet_db6eaad6.wav"
"Trumpet","Trumpet_dc6d1fae.wav"
"Trumpet","Trumpet_dfe13537.wav"
"Trumpet","Trumpet_e03693c5.wav"
"Trumpet","Trumpet_e0737e3b.wav"
"Trumpet","Trumpet_e1583260.wav"
"Trumpet","Trumpet_e29bf67e.wav"
"Trumpet","Trumpet_e40601e8.wav"
"Trumpet","Trumpet_e456c25e.wav"
"Trumpet","Trumpet_e4ee0c55.wav"
"Trumpet","Trumpet_e4fac263.wav"
"Trumpet","Trumpet_e500d5fc.wav"
"Trumpet","Trumpet_e56fbcf3.wav"
"Trumpet","Trumpet_e6e1392c.wav"
"Trumpet","Trumpet_ebe8356d.wav"
"Trumpet","Trumpet_ec9c1d17.wav"
"Trumpet","Trumpet_ed028d75.wav"
"Trumpet","Trumpet_eea8f1df.wav"
"Trumpet","Trumpet_f2833420.wav"
"Trumpet","Trumpet_f2ad950e.wav"
"Trumpet","Trumpet_f538be47.wav"
"Trumpet","Trumpet_f7589cdb.wav"
"Trumpet","Trumpet_f75de4c3.wav"
"Trumpet","Trumpet_f776ef0d.wav"
"Trumpet","Trumpet_f79db766.wav"
"Trumpet","Trumpet_f879ce38.wav"
"Trumpet","Trumpet_f8b790f0.wav"
"Trumpet","Trumpet_f8c23e9a.wav"
"Trumpet","Trumpet_fa80fe22.wav"
"Trumpet","Trumpet_fb276593.wav"
"Trumpet","Trumpet_fda6e775.wav"
"Trumpet","Trumpet_fde0d3c4.wav"
"Trumpet","Trumpet_fe42eb16.wav"
"Trumpet","Trumpet_fec180d4.wav"
"Trumpet","Trumpet_ff9c6c3f.wav"
